ABSI|2026-06-24|HIGH|100.8|16.33|2026-06-24 07:00:00|strong|judge|HIGH|19.65
ABVX|2026-06-03|MODERATE|50.4|15.14|2026-06-03 08:20:00|routine|||19.99
ACAD|2026-06-26|HIGH|84|15.34|2026-06-26 08:00:00|strong|judge|HIGH|3.58
AEHR|2026-04-16|HIGH|100|18.59|2026-04-16 07:55:14|strong|||
AEHR|2026-06-17|MODERATE|70|15.87|2026-06-17 09:50:00|strong|judge|HIGH|7.49
AEHR|2026-07-15|HIGH|96|29.5|2026-07-15 07:00:00|game_changer|judge|HIGH|
AGX|2026-06-05|HIGH|86.4|10.96|2026-06-05 07:05:00|game_changer|||0.9
AGYS|2026-05-19|HIGH|72|14.81|2026-05-19 07:00:00|strong|||4.21
AIP|2026-05-13|HIGH|115.2|20.81|2026-05-13 07:00:00|strong|||8.21
AKAM|2026-05-08|HIGH|96|27.37|2026-05-08 07:00:00|strong|||12.01
AKTS|2026-06-12|HIGH|54|11.92|2026-06-12 09:55:00|strong|judge|MODERATE|15.55
ALAB|2026-05-20|HIGH|100.8|15.68|2026-05-20 18:40:37|strong|||
ALOY|2026-06-01|HIGH|86.4|14.25|2026-06-01 09:55:00|strong|||33.48
AMBQ|2026-05-12|HIGH|84|18.68|2026-05-12 07:55:00|strong|||11.07
AMD|2026-05-06|HIGH|96|19.22|2026-05-06 07:00:00|game_changer|||11.35
ANF|2026-05-27|HIGH|57.6|11.23|2026-05-27 09:55:00|routine|||1.22
APLD|2026-04-23|MODERATE|53.3|9.11|2026-04-23 09:50:47|strong|||
APPF|2026-04-24|MODERATE|63.6|10.01|2026-04-24 09:51:08|strong|||
ARM|2026-05-20|HIGH|100.8|16.36|2026-05-20 18:40:37|strong|||
ARRY|2026-05-07|HIGH|54.7|11.32|2026-05-07 07:00:00|strong|||11.59
ARX|2026-05-14|HIGH|100.8|17.64|2026-05-14 09:50:00|strong|||17.66
ASAN|2026-05-29|MODERATE|53.3|11.56|2026-05-29 09:45:00|routine|||21.3
ASPI|2026-05-26|MODERATE|54|10.63|2026-05-26 07:50:00|strong|||23.23
ASTI|2026-05-27|MODERATE|61.9|13.48|2026-05-27 09:45:00|routine|||44.76
ASTN|2026-04-20|MODERATE|51.8|29.11|2026-04-20 07:55:11|routine|||
AVAV|2026-05-28|HIGH|72|10.33|2026-05-28 07:00:00|strong|||0.88
AVAV|2026-06-30|HIGH|54|25.3|2026-06-30 07:00:00|routine|judge|MODERATE|21.39
AVEX|2026-05-12|MODERATE|54.7|8.28|2026-05-12 09:15:00|strong|||2.1
AVNS|2026-04-14|MODERATE|64.8|67.72|2026-04-14 07:20:14|routine|||
AXTI|2026-05-01|HIGH|84|16.76|2026-05-01 09:50:00|strong|||34.82
BAND|2026-04-30|HIGH|84|18.34|2026-04-30 07:35:15|strong|||33.8
BBWI|2026-05-27|HIGH|54.7|15|2026-05-27 09:50:00|routine|||5.84
BE|2026-04-29|HIGH|100|19.13|2026-04-29 07:00:18|strong|||5.22
BHVN|2026-05-29|MODERATE|64.8|11.47|2026-05-29 09:50:00|strong|||4.81
BILL|2026-05-08|HIGH|54.7|10.17|2026-05-08 07:00:00|strong|||4.16
BLMN|2026-05-06|HIGH|96|33.33|2026-05-06 09:50:00|strong|||7.45
BTGO|2026-05-26|MODERATE|50.4|15.87|2026-05-26 07:10:00|routine|||5.86
BTSG|2026-05-01|MODERATE|57.6|12.03|2026-05-01 09:50:00|strong|||4.51
BW|2026-05-11|HIGH|96|26.07|2026-05-11 07:00:00|strong|||16.5
BZH|2026-05-11|HIGH|84|19.93|2026-05-11 07:20:00|strong|||-0.64
CADL|2026-04-20|HIGH|100|17.03|2026-04-20 11:18:57|strong|||
CALY|2026-05-08|HIGH|57.6|12.22|2026-05-08 09:55:00|strong|||2.74
CAMT|2026-06-02|MODERATE|50.4|10.37|2026-06-02 08:40:00|strong|||-0.71
CBRL|2026-06-10|MODERATE|54.7|25.33|2026-06-10 09:50:00|routine|floor|MODERATE|7.35
CHA|2026-05-29|MODERATE|50.4|12.48|2026-05-29 07:45:00|routine|||5.02
CHE|2026-04-24|HIGH|100|17.94|2026-04-24 09:55:23|strong|||
CLSK|2026-07-14|HIGH|96|17.15|2026-07-14 07:00:00|game_changer|judge|HIGH|
CMPS|2026-04-20|HIGH|100|22.37|2026-04-20 07:00:18|strong|||
COCO|2026-04-29|MODERATE|50.4|13.89|2026-04-29 08:00:11|strong|||3.94
COMP|2026-05-06|HIGH|100|38.43|2026-05-06 07:00:00|strong|||1.95
CPA|2026-05-14|HIGH|67.7|13.12|2026-05-14 09:55:00|strong|||1.4
CRCL|2026-07-10|HIGH|60|10.76|2026-07-10 07:05:00|game_changer|judge|MODERATE|1.07
CRI|2026-05-06|HIGH|84|18.37|2026-05-06 09:55:00|strong|||4.73
CRMD|2026-05-14|HIGH|64.8|12.35|2026-05-14 08:10:00|strong|||3.53
CRML|2026-04-27|HIGH|72|10.34|2026-04-27 08:40:19|game_changer|||-3.39
CRSR|2026-05-27|HIGH|100.8|15.33|2026-05-27 08:15:00|strong|||33.4
CSCO|2026-05-14|HIGH|100.8|16.32|2026-05-14 07:00:00|strong|||3.34
CVLT|2026-04-28|HIGH|74.9|9.81|2026-04-28 09:55:31|strong|||4.99
CYRX|2026-05-05|HIGH|100|15.57|2026-05-05 09:50:00|strong|||13.13
DELL|2026-05-29|HIGH|115.2|36.26|2026-05-29 07:00:00|strong|||11.54
DFTX|2026-06-22|HIGH|60|14.38|2026-06-22 07:20:00|game_changer|judge|MODERATE|28.72
DOCN|2026-07-07|HIGH|115.2|15.62|2026-07-07 09:20:00|game_changer|judge|HIGH|8.29
DQ|2026-04-22|MODERATE|51.8|13.91|2026-04-22 11:20:59|routine|||
DRTS|2026-05-11|MODERATE|50.4|10.46|2026-05-11 07:35:00|strong|||4.54
DRVN|2026-04-30|MODERATE|50.4|10.83|2026-04-30 09:45:43|routine|||5.01
DY|2026-05-27|HIGH|50.4|14.16|2026-05-27 07:20:00|strong|||4.3
DYN|2026-05-20|HIGH|84|17.86|2026-05-20 18:40:37|strong|||
ELVN|2026-06-11|HIGH|84|18.33|2026-06-11 08:40:00|strong|judge|HIGH|17.34
EOSE|2026-05-13|HIGH|115.2|31.11|2026-05-13 07:00:00|strong|||2.66
EVER|2026-05-05|HIGH|100|19.99|2026-05-05 07:35:00|strong|||-0.55
EVTC|2026-05-19|MODERATE|54.7|11.25|2026-05-19 07:15:00|strong|||3.95
FCEL|2026-06-24|HIGH|84|17.51|2026-06-24 07:20:00|strong|judge|HIGH|75.7
FIG|2026-05-15|MODERATE|57.6|8.65|2026-05-15 07:00:00|strong|||12.74
FIVN|2026-05-01|MODERATE|54.7|14.07|2026-05-01 07:00:00|strong|||13.93
FLEX|2026-05-06|HIGH|96|21.34|2026-05-06 07:00:00|strong|||9.36
FLNC|2026-05-07|HIGH|96|29.72|2026-05-07 07:00:00|strong|||44.39
FMC|2026-04-30|MODERATE|57.6|8.26|2026-04-30 07:15:16|strong|||1.11
FPS|2026-05-14|HIGH|84|17.75|2026-05-14 07:00:00|strong|||-1.24
FRMI|2026-04-22|MODERATE|56.4|12.75|2026-04-22 11:21:22|routine|||
FROG|2026-05-08|HIGH|60.5|12.94|2026-05-08 09:50:00|strong|||1.56
FTAI|2026-04-30|HIGH|84|15.13|2026-04-30 09:50:34|strong|||15.35
FTNT|2026-05-07|HIGH|96|15.04|2026-05-07 07:00:00|game_changer|||12.97
FTRE|2026-05-05|HIGH|84|18.37|2026-05-05 09:15:00|strong|||11.49
FUTU|2026-05-26|MODERATE|51.6|15.53|2026-05-26 09:50:00|routine|||9.38
GEMI|2026-05-15|HIGH|96|22.24|2026-05-15 07:00:00|strong|||0.72
GEO|2026-05-06|HIGH|100|16.72|2026-05-06 07:00:00|strong|||2.25
GH|2026-05-20|HIGH|96|17.01|2026-05-20 18:40:37|game_changer|||
GHRS|2026-04-20|HIGH|100|18.65|2026-04-20 08:00:12|strong|||
GKOS|2026-04-30|HIGH|96|20.85|2026-04-30 09:50:27|game_changer|||2.14
GLOB|2026-05-15|HIGH|89.3|10.59|2026-05-15 09:50:00|strong|||7.98
GLW|2026-05-06|HIGH|84|18.94|2026-05-06 09:50:00|strong|||16.64
GO|2026-05-14|HIGH|84|17.38|2026-05-14 07:00:00|strong|||10.3
GRND|2026-07-01|MODERATE|56.4|13.26|2026-07-01 09:50:00|strong|judge|MODERATE|4.27
GRPN|2026-04-21|MODERATE|50.4|14.92|2026-04-21 08:05:08|routine|||
GRRR|2026-06-02|HIGH|100.8|17.64|2026-06-02 09:20:00|strong|||-9.23
GSHD|2026-04-23|HIGH|100|17.78|2026-04-23 09:50:26|strong|||
GTX|2026-04-30|MODERATE|57.6|14.28|2026-04-30 09:56:42|strong|||8.51
HCSG|2026-04-22|HIGH|96|22.79|2026-04-22 11:20:32|strong|||
HLIT|2026-05-12|HIGH|84|15.2|2026-05-12 07:25:00|strong|||6.95
HPE|2026-06-02|HIGH|115.2|25.28|2026-06-02 07:00:00|strong|||-0.28
HQ|2026-06-15|MODERATE|84|19.71|2026-06-15 09:50:00|strong|judge|HIGH|152.53
HUT|2026-05-06|HIGH|100|27.25|2026-05-06 09:50:00|strong|||3.05
HYMC|2026-06-15|MODERATE|53.3|13.82|2026-06-15 09:55:00|routine|judge|MODERATE|2.19
IART|2026-05-05|HIGH|100|18.31|2026-05-05 09:50:00|strong|||9.3
IBRX|2026-05-20|HIGH|72|10.18|2026-05-20 09:50:00|strong|||3.04
IDCC|2026-06-11|HIGH|84|15.2|2026-06-11 09:50:00|strong|judge|HIGH|8.01
IDYA|2026-04-13|MODERATE|50.4|17.8|2026-04-13 09:55:19|routine|||
IMVT|2026-05-20|HIGH|115.2|35.26|2026-05-20 18:40:37|strong|||0.56
INBX|2026-04-22|HIGH|96|31.55|2026-04-22 08:25:09|strong|||
INFQ|2026-05-21|HIGH|115.2|22|2026-05-21 07:00:00|strong|||24.15
INOD|2026-05-08|HIGH|100|35.63|2026-05-08 07:00:00|strong|||35.2
INTC|2026-04-24|HIGH|100|27.88|2026-04-24 07:00:15|strong|||
JBL|2026-06-17|HIGH|60|10.77|2026-06-17 09:35:00|game_changer|judge|HIGH|4.02
JMIA|2026-05-07|HIGH|96|26.14|2026-05-07 09:15:00|strong|||0.67
KALV|2026-04-29|HIGH|96|38.25|2026-04-29 07:55:10|strong|||0.66
KC|2026-07-08|MODERATE|50|11.76|2026-07-08 09:50:00|strong|judge|MODERATE|6.08
KFRC|2026-04-28|HIGH|96|28.07|2026-04-28 09:50:34|strong|||3.55
KLAR|2026-05-14|HIGH|84|19.57|2026-05-14 07:50:00|strong|||1.08
KSS|2026-05-28|MODERATE|64.8|21.73|2026-05-28 09:45:00|routine|||3.34
KTOS|2026-05-28|MODERATE|64.8|10.54|2026-05-28 07:00:00|strong|||2.39
KURA|2026-04-17|HIGH|100|15.75|2026-04-17 07:30:10|strong|||
KYMR|2026-06-25|MODERATE|80|21.17|2026-06-25 09:50:00|strong|judge|HIGH|2.21
KYTX|2026-04-22|HIGH|100|21.11|2026-04-22 07:00:10|strong|||
LAC|2026-06-02|MODERATE|54.7|11.43|2026-06-02 07:20:00|strong|||-3.48
LASR|2026-05-08|HIGH|72|14.56|2026-05-08 07:00:00|game_changer|||17.37
LC|2026-04-28|MODERATE|50.4|8.93|2026-04-28 09:50:59|strong|||3.32
LIVN|2026-05-06|HIGH|72|14.43|2026-05-06 09:50:00|game_changer|||9.84
LZB|2026-06-17|HIGH|54|26.5|2026-06-17 09:50:00|routine|judge|MODERATE|5.21
MANE|2026-07-15|HIGH|72|11.08|2026-07-15 09:00:00|game_changer|judge|HIGH|
MAS|2026-04-22|MODERATE|57.6|12.67|2026-04-22 11:21:28|strong|||
MBLY|2026-04-23|MODERATE|64.8|10.76|2026-04-23 07:35:09|strong|||
MICC|2026-04-30|MODERATE|54.7|10.72|2026-04-30 08:15:18|strong|||3.82
MLTX|2026-06-22|HIGH|96|19.1|2026-06-22 07:00:00|game_changer|judge|HIGH|0.72
MMYT|2026-06-15|MODERATE|60.5|12.81|2026-06-15 09:50:00|routine|judge|MODERATE|5.59
MNDY|2026-05-11|HIGH|100.8|19.16|2026-05-11 07:20:00|strong|||2.03
MOH|2026-04-23|MODERATE|64.8|10.46|2026-04-23 09:50:47|strong|||
MRAM|2026-05-11|HIGH|115.2|29.68|2026-05-11 07:00:00|strong|||29.2
MRLN|2026-06-05|MODERATE|60|27.99|2026-06-05 07:00:00|routine|||5.99
MRVL|2026-06-02|HIGH|115.2|24.87|2026-06-02 07:00:00|strong|||11.49
MTSI|2026-05-07|HIGH|84|17.14|2026-05-07 08:20:00|strong|||16.48
MU|2026-06-25|HIGH|96|17.71|2026-06-25 07:00:00|game_changer|judge|HIGH|-1.22
NAVN|2026-06-11|HIGH|80|17.87|2026-06-11 07:00:00|game_changer|judge|HIGH|-2.34
NEO|2026-04-29|MODERATE|54.7|10.31|2026-04-29 07:00:36|strong|||8.2
NKTR|2026-04-20|HIGH|100|24.46|2026-04-20 11:18:12|strong|||
NMAX|2026-04-22|HIGH|93.6|28.35|2026-04-22 11:20:28|routine|||
NNE|2026-05-26|MODERATE|50.4|13.15|2026-05-26 08:25:00|routine|||8.67
NOW|2026-06-01|MODERATE|54.7|10.31|2026-06-01 07:20:00|strong|||-2.3
NRIX|2026-06-08|HIGH|75.6|11.5|2026-06-08 07:05:00|game_changer|||20.91
NTLA|2026-04-27|MODERATE|57.6|29.57|2026-04-27 07:00:12|routine|||8.59
NVTS|2026-06-03|HIGH|84|15.39|2026-06-03 09:00:00|strong|||2.3
NXPI|2026-04-29|HIGH|100|18.28|2026-04-29 07:00:24|strong|||5.07
OKLO|2026-05-26|MODERATE|64.8|11.68|2026-05-26 08:25:00|strong|||7.51
OLED|2026-05-01|MODERATE|54.7|13.5|2026-05-01 09:55:00|routine|||5.35
OMCL|2026-04-28|HIGH|96|22.24|2026-04-28 08:25:10|strong|||1.96
ORCX|2026-04-16|MODERATE|57.6|9.87|2026-04-16 08:30:18|strong|||
ORKA|2026-04-27|HIGH|100|48.04|2026-04-27 07:25:10|strong|||11.23
OUST|2026-06-29|MODERATE|70|16.02|2026-06-29 09:50:00|strong|judge|MODERATE|17.98
PACS|2026-05-12|HIGH|96|22.26|2026-05-12 07:00:00|strong|||3.71
PAR|2026-05-08|MODERATE|54|9.34|2026-05-08 07:40:00|strong|||8.51
PCT|2026-05-07|HIGH|100|22.7|2026-05-07 07:00:00|strong|||44.3
PD|2026-05-29|MODERATE|50.4|18.15|2026-05-29 08:35:00|routine|||7.54
PENG|2026-07-08|HIGH|72|10.52|2026-07-08 09:55:00|game_changer|judge|HIGH|14.52
PENN|2026-04-23|MODERATE|57.6|11.71|2026-04-23 09:50:35|strong|||
PGNY|2026-05-08|HIGH|84|18.11|2026-05-08 09:50:00|strong|||2.82
PGY|2026-06-04|HIGH|66|10.21|2026-06-04 09:55:00|strong|||3.49
PHR|2026-05-28|MODERATE|54|22.56|2026-05-28 09:45:00|routine|||12.8
PI|2026-04-30|HIGH|100|27.53|2026-04-30 09:45:42|strong|||9.14
PONY|2026-05-26|HIGH|64.8|12.66|2026-05-26 07:50:00|strong|||20.77
POWI|2026-05-26|HIGH|84|17.52|2026-05-26 09:50:00|strong|||5.84
PPTA|2026-05-22|HIGH|72|11|2026-05-22 07:00:00|game_changer|||9.95
PRCH|2026-04-29|MODERATE|54|10.01|2026-04-29 07:30:17|strong|||13.82
PRG|2026-07-15|MODERATE|80|21.65|2026-07-15 07:20:00|strong|judge|HIGH|
QBTS|2026-05-21|MODERATE|64.8|13.42|2026-05-21 09:30:00|strong|||22.57
QCOM|2026-04-30|MODERATE|60.5|10.44|2026-04-30 09:45:44|strong|||24.55
QDEL|2026-06-29|MODERATE|54|33.47|2026-06-29 09:50:00|routine|judge|MODERATE|5.16
QFIN|2026-05-27|HIGH|66|25.3|2026-05-27 09:50:00|routine|||9.59
QS|2026-04-23|MODERATE|57.6|24.56|2026-04-23 07:00:10|routine|||
QUBT|2026-05-21|MODERATE|64.8|11.51|2026-05-21 07:00:00|strong|||17.35
QURE|2026-06-17|HIGH|80|75.2|2026-06-17 08:10:00|game_changer|judge|HIGH|4.8
RCAT|2026-05-28|HIGH|100.8|16.07|2026-05-28 07:00:00|strong|||11.59
RDDT|2026-05-01|MODERATE|54.7|14.85|2026-05-01 07:00:00|strong|||6.4
RDW|2026-05-26|HIGH|84|15.04|2026-05-26 07:00:00|strong|||20.87
RIOT|2026-05-01|MODERATE|57.6|11.25|2026-05-01 09:50:00|strong|||32.27
RLAY|2026-05-21|HIGH|72|11.6|2026-05-21 09:05:00|game_changer|||8.86
RSI|2026-04-29|HIGH|84|18.67|2026-04-29 07:50:10|strong|||4.5
RUM|2026-06-04|HIGH|84|15.49|2026-06-04 09:40:00|strong|||1.69
RXT|2026-06-16|HIGH|84|17.5|2026-06-16 07:20:00|strong|judge|HIGH|38.49
SAIC|2026-06-01|MODERATE|50.4|15.51|2026-06-01 09:45:00|routine|||2.9
SE|2026-05-12|HIGH|54|13.26|2026-05-12 07:55:00|strong|||4.12
SEDG|2026-06-30|MODERATE|54.7|10.19|2026-06-30 07:35:00|strong|judge|MODERATE|2.53
SEZL|2026-05-07|HIGH|84|18.58|2026-05-07 08:10:00|strong|||6.69
SHAZ|2026-06-12|HIGH|86.4|11.87|2026-06-12 07:40:00|game_changer|judge|HIGH|56.42
SIBN|2026-05-12|HIGH|51.6|13.35|2026-05-12 07:00:00|strong|||8.27
SITM|2026-05-07|HIGH|96|31.63|2026-05-07 09:15:00|strong|||13.11
SKM|2026-06-01|MODERATE|50.4|10.69|2026-06-01 09:55:00|strong|||6.19
SLS|2026-05-20|HIGH|100.8|19.89|2026-05-20 18:40:37|strong|||2.95
SMCI|2026-05-06|HIGH|64.8|14.98|2026-05-06 07:00:00|strong|||4.93
SMU|2026-04-16|MODERATE|57.6|20.64|2026-04-16 07:00:12|routine|||
SNOW|2026-05-28|MODERATE|53.3|35.23|2026-05-28 09:45:00|routine|||19.14
SNX|2026-06-25|HIGH|72|11.22|2026-06-25 07:40:00|game_changer|judge|HIGH|1.68
STAA|2026-05-14|HIGH|96|17.31|2026-05-14 07:10:00|game_changer|||4.87
STC|2026-05-19|MODERATE|50.4|10.54|2026-05-19 07:00:00|strong|||3.33
STRL|2026-05-05|HIGH|96|29.37|2026-05-05 08:50:00|strong|||10.29
STUB|2026-05-14|HIGH|54|14.3|2026-05-14 07:00:00|strong|||20.58
STX|2026-04-29|HIGH|84|17.46|2026-04-29 07:00:31|strong|||23.12
SWBI|2026-06-18|HIGH|70|15.59|2026-06-18 07:20:00|strong|judge|HIGH|8.83
SXT|2026-04-24|MODERATE|56.4|13.81|2026-04-24 09:50:36|strong|||
SYRE|2026-06-22|HIGH|60|12.35|2026-06-22 07:00:00|game_changer|judge|MODERATE|1.73
TATT|2026-05-20|HIGH|64.8|21.57|2026-05-20 18:40:37|routine|||6.49
TE|2026-05-12|HIGH|84|18.21|2026-05-12 07:00:00|strong|||22.74
TEAM|2026-05-01|HIGH|100|26.11|2026-05-01 07:00:00|strong|||8.37
TLRY|2026-04-23|MODERATE|64.8|10.93|2026-04-23 08:40:17|strong|||
TNDM|2026-06-01|MODERATE|54.7|10.52|2026-06-01 08:45:00|strong|||7.85
TSEM|2026-07-14|HIGH|80|18.57|2026-07-14 07:00:00|game_changer|judge|HIGH|
TTAN|2026-06-05|HIGH|100.8|16.28|2026-06-05 07:00:00|strong|||1.78
TTMI|2026-04-30|HIGH|100|16|2026-04-30 07:45:21|strong|||5.28
TVTX|2026-04-14|HIGH|100|34.66|2026-04-14 09:40:16|game_changer|||
TWLO|2026-05-01|HIGH|100|19.88|2026-05-01 07:10:00|strong|||11.11
TXN|2026-04-23|MODERATE|60.5|14.12|2026-04-23 09:50:35|strong|||
UNH|2026-04-21|MODERATE|53.3|8.94|2026-04-21 09:45:20|strong|||
URI|2026-04-23|HIGH|84|17.4|2026-04-23 09:50:35|strong|||
USAX|2026-04-20|HIGH|74.9|19.62|2026-04-20 11:18:21|routine|||
USGG|2026-04-20|HIGH|79.2|19.09|2026-04-20 11:18:34|routine|||
UUUU|2026-06-18|HIGH|72|12.36|2026-06-18 08:00:00|game_changer|judge|HIGH|2.23
VCX|2026-05-05|MODERATE|60|20.65|2026-05-05 09:55:00|routine|||124.97
VG|2026-05-12|HIGH|54.7|10.07|2026-05-12 07:55:00|strong|||12.66
VIAV|2026-04-30|HIGH|100|20.92|2026-04-30 09:56:36|strong|||8.8
VIK|2026-05-14|HIGH|57.6|11.36|2026-05-14 09:55:00|strong|||0.21
VISN|2026-04-30|MODERATE|57.6|21.78|2026-04-30 09:45:42|routine|||0.98
VOYG|2026-05-05|MODERATE|54|12.51|2026-05-05 09:50:00|routine|||26.36
VPG|2026-05-12|HIGH|100.8|17.12|2026-05-12 07:25:00|strong|||26.21
VRDN|2026-05-05|MODERATE|50.4|17.16|2026-05-05 08:00:00|routine|||-1.28
VRNS|2026-04-29|MODERATE|64.8|12.62|2026-04-29 08:40:09|strong|||3.55
VSNT|2026-05-14|HIGH|100.8|15.38|2026-05-14 07:50:00|strong|||-1.44
VSTS|2026-05-12|HIGH|115.2|20.22|2026-05-12 08:55:00|strong|||5
WCC|2026-04-30|MODERATE|50.4|12.74|2026-04-30 09:56:47|strong|||5.67
WDFC|2026-07-10|HIGH|72|14.23|2026-07-10 07:40:00|game_changer|judge|HIGH|0.94
WEN|2026-06-24|MODERATE|54|25.34|2026-06-24 09:00:00|routine|judge|MODERATE|15.39
WEST|2026-05-08|HIGH|100|41.17|2026-05-08 09:50:00|strong|||8.8
WKC|2026-04-24|HIGH|84|15.78|2026-04-24 09:50:26|strong|||
WLDN|2026-05-08|HIGH|76.3|13.99|2026-05-08 09:50:00|strong|||10.87
WST|2026-04-23|HIGH|84|15.29|2026-04-23 09:55:21|strong|||
WULF|2026-07-06|HIGH|96|19.92|2026-07-06 08:20:00|game_changer|judge|HIGH|10.65
WYFI|2026-05-11|MODERATE|51.6|12.99|2026-05-11 07:00:00|strong|||15.7
ZBRA|2026-05-12|HIGH|100.8|15.33|2026-05-12 07:05:00|strong|||8.97
