A|2026-08-07|140.323|137.4815|134.3404|76.3|571|145.97
A|2026-08-10|141.406|138.2155|134.6072|83.8|394|148.72
A|2026-08-11|142.301|138.93|134.8864|82|439|149.49
A|2026-08-12|143.095|139.6065|135.1316|80.2|480|148.24
A|2026-08-13|144.153|140.266|135.4164|77.8|541|149.29
A|2026-08-14|145.169|141.1195|135.639|79.2|508|148.53
AAP|2026-08-07|57.64|55.8945|57.635|55.3|1078|57.8
AAP|2026-08-10|57.44|55.9155|57.5524|41.2|1430|55.73
AAP|2026-08-11|56.865|55.7925|57.4066|12.3|2136|52.95
AAP|2026-08-12|56.374|55.864|57.291|12.5|2122|53.52
AAP|2026-08-13|56.491|56.0755|57.2852|39.6|1472|57.36
AAP|2026-08-14|56.592|56.245|57.2738|23.4|1872|56.55
ABCL|2026-08-07|5.863|5.9867|6.1889|89.5|253|6.93
ABCL|2026-08-10|6.272|6.1278|6.2611|99.8|5|9.34
ABCL|2026-08-11|6.719|6.2788|6.3329|99.9|3|9.76
ABCL|2026-08-12|7.2155|6.4595|6.4108|100|1|10.355
ABCL|2026-08-13|7.7435|6.7|6.5076|100|1|10.97
ABCL|2026-08-14|8.3105|6.9457|6.6208|100|1|11.38
ABSI|2026-08-07|7.905|8.3063|8.4426|92.7|176|8.93
ABSI|2026-08-10|8.05|8.2462|8.5012|93.4|161|9.01
ABSI|2026-08-11|8.278|8.2052|8.5544|95.2|117|9.41
ABSI|2026-08-12|8.538|8.1922|8.614|95.8|102|9.5
ABSI|2026-08-13|8.72|8.2538|8.6762|94.9|125|9.46
ABSI|2026-08-14|8.86|8.298|8.741|96.2|93|9.18
ABVX|2026-08-07|125.661|129.552|118.8232|47.3|1270|130.93
ABVX|2026-08-10|125.611|129.128|118.7832|47.7|1272|127.5
ABVX|2026-08-11|125.869|128.723|118.6668|46.1|1313|126.81
ABVX|2026-08-12|126.537|128.152|118.5834|47.9|1264|125.52
ABVX|2026-08-13|126.249|127.336|119.5624|31.6|1667|121.45
ABVX|2026-08-14|125.653|126.4515|120.1386|32.1|1659|118.96
ACAD|2026-08-07|26.938|26.1335|24.3027|91.7|200|29.21
ACAD|2026-08-10|27.338|26.328|24.4579|92.1|192|29.39
ACAD|2026-08-11|27.678|26.524|24.6129|91.4|210|29.41
ACAD|2026-08-12|27.989|26.7005|24.7715|91.4|209|29.45
ACAD|2026-08-13|28.172|26.838|24.9213|87.3|310|28.38
ACAD|2026-08-14|28.409|26.97|25.0575|88.2|289|28.24
ACHR|2026-08-07|4.98|4.928|5.2406|61.9|919|5.59
ACHR|2026-08-10|5.111|5.0135|5.2296|76.2|579|6.26
ACHR|2026-08-11|5.308|5.1105|5.2292|92.3|188|6.79
ACHR|2026-08-12|5.489|5.186|5.2182|85|364|6.29
ACHR|2026-08-13|5.712|5.31|5.2228|93|171|6.97
ACHR|2026-08-14|5.91|5.419|5.2246|91.4|210|6.62
ACMR|2026-08-07|77.824|83.5613|91.5234|68.5|759|83.8
ACMR|2026-08-10|77.768|82.8278|91.2544|45.2|1333|79.41
ACMR|2026-08-11|78.558|81.879|91.1216|35.4|1573|79.92
ACMR|2026-08-12|80.154|81.344|91.1058|42.1|1404|81.26
ACMR|2026-08-13|80.408|81.199|90.8912|30.5|1694|81.19
ACMR|2026-08-14|80.603|81.024|90.7224|31.8|1666|80.42
AEHR|2026-08-07|87.292|85.0315|91.5046|89.3|258|103.07
AEHR|2026-08-10|90.164|86.9405|91.6288|93.2|166|106.2
AEHR|2026-08-11|94.882|89.199|92.1258|95.3|115|117.18
AEHR|2026-08-12|101.265|91.271|92.838|98.3|42|129.23
AEHR|2026-08-13|105.908|93.226|93.044|94.6|132|123.3
AEHR|2026-08-14|111.316|95.8765|93.4334|97|74|134.06
AEIS|2026-08-07|299.7565|299.6963|319.2057|63.3|885|325.02
AEIS|2026-08-10|302.0105|300.4948|319.1539|49.6|1226|314.49
AEIS|2026-08-11|307.4275|301.6142|319.6621|49.3|1235|327.59
AEIS|2026-08-12|315.911|303.3863|320.5155|47.7|1269|337.32
AEIS|2026-08-13|321.439|305.5688|320.8607|25.3|1821|329.54
AEIS|2026-08-14|325.513|307.8793|321.0159|30|1710|330.26
AEVA|2026-08-07|18.855|18.0315|21.6864|96.1|94|26.62
AEVA|2026-08-10|19.671|18.2755|21.6434|88.4|282|23.69
AEVA|2026-08-11|20.607|18.4875|21.561|91.6|205|24.06
AEVA|2026-08-12|21.724|18.8117|21.508|92.3|187|25.16
AEVA|2026-08-13|22.32|19.094|21.4012|81.7|446|22.42
AEVA|2026-08-14|22.894|19.4225|21.3606|81.6|450|23.28
AGX|2026-08-07|570.823|581.2995|649.7366|35.9|1545|597.33
AGX|2026-08-10|574.697|580.3755|647.8128|14.8|2072|581.26
AGX|2026-08-11|580.278|578.264|646.0426|14.8|2075|578.51
AGX|2026-08-12|588.253|576.407|644.5468|12.7|2118|572.1
AGX|2026-08-13|586.155|576.976|642.4618|6.9|2269|558.89
AGX|2026-08-14|586.934|578.324|640.2988|17.6|2013|578.22
AGYS|2026-08-07|108.829|106.152|99.6761|79.8|487|108.58
AGYS|2026-08-10|109.203|106.0135|100.1633|75.4|599|106.98
AGYS|2026-08-11|108.79|106.129|100.5635|83.8|395|106.57
AGYS|2026-08-12|108.156|106.171|100.8395|87|316|107.35
AGYS|2026-08-13|108.911|106.4295|101.3487|93.1|168|115.2
AGYS|2026-08-14|109.795|106.7955|101.8617|91.6|205|114
AIP|2026-08-07|29.99|31.1435|35.8162|34.1|1588|29.78
AIP|2026-08-10|29.676|30.8605|35.6204|22.5|1885|27.13
AIP|2026-08-11|29.525|30.5625|35.4504|21.2|1919|27.45
AIP|2026-08-12|29.647|30.3375|35.2938|23.2|1863|28.18
AIP|2026-08-13|29.476|30.1655|35.0868|19.2|1969|27.59
AIP|2026-08-14|29.32|30.0295|34.9044|23.1|1879|28.32
ALAB|2026-08-07|307.023|317.3182|357.8173|82.4|424|334.17
ALAB|2026-08-10|310.494|315.0772|357.1785|58.2|1017|317.23
ALAB|2026-08-11|315.67|312.5878|356.5613|45.5|1327|311.99
ALAB|2026-08-12|322.576|310.9968|356.5355|44.7|1341|318.8
ALAB|2026-08-13|324.885|311.1488|355.8759|44.7|1348|322.78
ALAB|2026-08-14|325.923|312.0482|355.0373|68.1|780|321.61
ALOY|2026-08-07|9.3615|9.2528|12.1073|79.8|488|12.27
ALOY|2026-08-10|9.885|9.3485|12.1724|80.3|479|12.985
ALOY|2026-08-11|10.427|9.4475|12.2442|86.7|324|12.75
ALOY|2026-08-12|10.932|9.5325|12.2752|78.5|522|12.54
ALOY|2026-08-13|11.3455|9.6905|12.3014|77.1|558|12.95
ALOY|2026-08-14|11.9395|9.9823|12.3198|79.1|511|14.72
AMBQ|2026-08-07|64.086|70.5455|77.628|33.9|1593|67.49
AMBQ|2026-08-10|63.65|69.674|77.247|26.9|1778|63.92
AMBQ|2026-08-11|64.147|68.6645|76.9596|27.9|1756|65.29
AMBQ|2026-08-12|64.98|67.833|76.7234|28.5|1734|65.59
AMBQ|2026-08-13|65.091|67.327|76.354|25|1828|64.34
AMBQ|2026-08-14|65.183|66.931|75.9882|27.2|1779|64.51
AMRC|2026-08-07|22.852|23.1515|26.4368|42.4|1388|25.65
AMRC|2026-08-10|23.271|23.228|26.2112|46|1314|25.28
AMRC|2026-08-11|23.894|23.2725|26.0094|53.1|1142|25.89
AMRC|2026-08-12|24.804|23.419|25.8696|72.2|674|27.61
AMRC|2026-08-13|25.517|23.629|25.704|61.8|931|27.79
AMRC|2026-08-14|26.2|23.8685|25.5954|65.9|833|27.9
ANF|2026-08-07|105.637|99.8935|91.4536|91.7|201|112.62
ANF|2026-08-10|107.555|101.2405|92.1806|92.4|185|118.53
ANF|2026-08-11|109.036|102.4955|92.9956|91.5|207|117.97
ANF|2026-08-12|110.01|103.2475|93.7272|83.6|398|112.23
ANF|2026-08-13|110.866|103.82|94.375|78.9|514|108.82
ANF|2026-08-14|111.725|104.4645|95.0092|80.2|485|108.13
APPS|2026-08-07|10.171|9.5332|9.8805|99.8|5|14.34
APPS|2026-08-10|10.751|9.7553|10.0002|99.7|8|14.39
APPS|2026-08-11|11.209|9.9162|10.0854|98.6|34|13.04
APPS|2026-08-12|11.638|10.0503|10.1476|96.9|75|12.41
APPS|2026-08-13|12.081|10.2498|10.229|97.7|56|12.62
APPS|2026-08-14|12.519|10.455|10.3044|97.9|52|12.44
ARM|2026-08-07|258.064|267.64|322.2062|60|964|282.57
ARM|2026-08-10|258.216|266.083|320.8578|41.3|1428|267.85
ARM|2026-08-11|260.635|265.471|319.1706|32.5|1644|268.93
ARM|2026-08-12|265.333|265.214|316.431|37.5|1516|271.87
ARM|2026-08-13|269.044|266.046|313.9498|39.8|1467|278.65
ARM|2026-08-14|273.019|266.6585|311.302|58.6|1012|279.44
ARWR|2026-08-07|86.549|81.8128|79.7883|92.3|186|87.65
ARWR|2026-08-10|86.829|82.5237|79.9739|92.6|180|88.33
ARWR|2026-08-11|87.175|83.3903|80.2005|92.5|183|89.24
ARWR|2026-08-12|87.278|84.1617|80.4415|67.2|796|87.25
ARWR|2026-08-13|87.105|84.8725|80.7369|61.7|934|85.59
ARWR|2026-08-14|87.304|85.4895|81.0187|69.3|751|86.64
ARX|2026-08-07|12.601|13.037|13.444|4.7|2297|12.46
ARX|2026-08-10|12.344|12.972|13.3594|4.5|2323|12.04
ARX|2026-08-11|12.124|12.9645|13.2908|8.3|2233|12.52
ARX|2026-08-12|12.245|13.011|13.2456|29.2|1717|13.61
ARX|2026-08-13|13.076|13.2885|13.323|97|73|19.51
ARX|2026-08-14|13.846|13.5915|13.4224|97.3|66|19.58
ASAN|2026-08-07|8.483|7.9075|7.5862|92.4|184|9.26
ASAN|2026-08-10|8.631|7.9845|7.6376|92.2|190|9.23
ASAN|2026-08-11|8.737|8.074|7.6686|94.3|139|9.25
ASAN|2026-08-12|8.785|8.1465|7.667|92.6|180|8.99
ASAN|2026-08-13|8.977|8.258|7.6908|97.4|64|9.87
ASAN|2026-08-14|9.059|8.3305|7.7142|95|122|9.14
ATRO|2026-08-07|71.924|70.8235|73.8011|84.5|375|77.75
ATRO|2026-08-10|72.446|70.995|73.8408|77.3|552|75.46
ATRO|2026-08-11|73.104|71.118|73.889|72.5|670|74.91
ATRO|2026-08-12|75.379|71.9395|74.2285|93.6|155|87.89
ATRO|2026-08-13|77.799|73.268|74.6538|91.7|203|92.61
ATRO|2026-08-14|80.195|74.5775|75.131|92.7|179|93.45
AUGO|2026-08-07|59.677|56.672|60.8902|75.7|586|74.13
AUGO|2026-08-10|61.724|57.809|60.8976|78.1|533|76.25
AUGO|2026-08-11|63.825|58.7585|60.8734|78|536|76.06
AUGO|2026-08-12|66.128|59.8895|60.978|77.8|539|77.53
AUGO|2026-08-13|67.918|61.119|61.1142|75.6|595|74.85
AUGO|2026-08-14|70.063|62.409|61.35|74.2|631|76.02
AVAV|2026-08-07|160.276|153.5385|164.423|61|940|186.73
AVAV|2026-08-10|163.767|155.906|163.9182|64.1|873|189.15
AVAV|2026-08-11|167.734|158.5335|163.6938|77.7|543|196.02
AVAV|2026-08-12|172.903|161.163|163.4882|76|582|193.81
AVAV|2026-08-13|177.189|163.17|163.1898|67.2|801|189.43
AVAV|2026-08-14|181.533|165.7005|163.2166|80.5|477|192.81
AVEX|2026-08-07|17.781|16.538|19.861|85.7|345|22.17
AVEX|2026-08-10|18.446|16.8305|19.4866|84.8|370|21.76
AVEX|2026-08-11|19.14|17.1075|19.1602|87.4|307|22.15
AVEX|2026-08-12|19.979|17.3555|18.843|93.5|158|22.75
AVEX|2026-08-13|20.477|17.609|18.612|83.5|402|20.89
AVEX|2026-08-14|20.968|17.961|18.4896|89.2|264|21.54
BBWI|2026-08-07|20.408|20.3635|20.2578|44.2|1345|20.36
BBWI|2026-08-10|20.291|20.3085|20.237|25.8|1805|19.32
BBWI|2026-08-11|20.129|20.2505|20.2142|23.4|1865|18.88
BBWI|2026-08-12|19.972|20.124|20.2042|14.3|2079|18.13
BBWI|2026-08-13|19.84|19.9995|20.2024|19|1974|18.63
BBWI|2026-08-14|19.769|19.9265|20.2302|25.1|1831|19.41
BE|2026-08-07|206.076|212.1225|253.5154|48.1|1251|219.34
BE|2026-08-10|208.321|210.9795|251.9278|59.4|989|210.63
BE|2026-08-11|212.758|209.37|250.452|30.5|1693|211.21
BE|2026-08-12|220.099|209.259|249.725|73.4|645|237.16
BE|2026-08-13|223.009|210.7335|248.3924|66.3|822|236.22
BE|2026-08-14|225.422|211.4825|247.2448|72.9|662|229.94
BHVN|2026-08-07|13.886|14.3765|13.7848|68.6|757|14.66
BHVN|2026-08-10|13.889|14.345|13.8708|73.9|635|14.54
BHVN|2026-08-11|13.961|14.3225|13.9404|67.8|784|14.49
BHVN|2026-08-12|14.057|14.299|13.9996|70.8|708|14.39
BHVN|2026-08-13|14.16|14.333|14.094|77.8|542|14.85
BHVN|2026-08-14|14.274|14.293|14.1706|79.6|500|14.64
BIO|2026-08-07|333.721|318.73|304.1208|87.9|293|352.47
BIO|2026-08-10|337.534|321.578|304.8472|89|268|354.54
BIO|2026-08-11|340.059|324.4735|305.7226|88.7|275|356.25
BIO|2026-08-12|343.542|327.791|306.855|89|267|362.08
BIO|2026-08-13|346.989|330.8015|307.9562|86.5|329|361.19
BIO|2026-08-14|350.067|333.3965|308.9848|86.5|330|356.26
BIRK|2026-08-07|39.401|41.1865|43.387|9.6|2179|38.45
BIRK|2026-08-10|39.218|40.941|43.3|15.8|2048|39.72
BIRK|2026-08-11|38.78|40.5965|43.148|9.8|2197|37.47
BIRK|2026-08-12|38.301|40.2905|42.9848|6.8|2260|36.74
BIRK|2026-08-13|38.352|40.125|42.9366|23.7|1860|41
BIRK|2026-08-14|38.415|39.8745|42.8794|12.2|2145|39.35
BLSH|2026-08-07|22.894|23.3435|25.3174|18.7|1960|23.62
BLSH|2026-08-10|23.068|23.427|25.0918|24.2|1844|24.54
BLSH|2026-08-11|23.251|23.4105|24.884|10.1|2189|24.52
BLSH|2026-08-12|23.53|23.3855|24.7342|19.5|1952|24.63
BLSH|2026-08-13|24.019|23.592|24.673|40.3|1455|27.48
BLSH|2026-08-14|24.279|23.691|24.5988|11.4|2165|24.39
BLZE|2026-08-07|15.304|14.607|12.5302|99.9|3|18.82
BLZE|2026-08-10|16|14.761|12.7626|99.9|3|19.27
BLZE|2026-08-11|16.664|14.869|12.9712|99.8|5|18.71
BLZE|2026-08-12|17.46|15.087|13.1758|99.9|3|19.34
BLZE|2026-08-13|18.24|15.422|13.4064|99.9|3|20.43
BLZE|2026-08-14|18.77|15.712|13.6278|99.9|3|19.02
BRUN|2026-08-07|19.054|21.736|28.7315|0.7|2393|18.2
BRUN|2026-08-10|18.868|21.327|28.4233|1.1|2406|17.5
BRUN|2026-08-11|19.06|20.9755|28.1145|1.1|2408|18.61
BRUN|2026-08-12|19.713|20.801|27.7739|4.5|2316|22.17
BRUN|2026-08-13|19.983|20.738|27.4901|5.3|2308|22.55
BRUN|2026-08-14|20.272|20.6635|27.1867|36.6|1550|22.93
BTDR|2026-08-07|10.736|11.3117|14.6026|27.8|1740|10.88
BTDR|2026-08-10|10.4705|11.14|14.4089|2.3|2377|8.695
BTDR|2026-08-11|10.3115|10.9565|14.2329|2.5|2374|8.69
BTDR|2026-08-12|10.3235|10.779|14.0431|1.9|2380|9.02
BTDR|2026-08-13|10.0895|10.6552|13.8431|1.6|2399|8.76
BTDR|2026-08-14|9.9505|10.5747|13.6315|1.8|2400|9.13
BW|2026-08-07|9.289|9.912|13.1026|2.7|2345|9.37
BW|2026-08-10|9.237|9.8095|12.8966|1.5|2397|8.88
BW|2026-08-11|9.273|9.7145|12.7114|1.4|2401|9.19
BW|2026-08-12|9.456|9.658|12.5666|2.4|2367|9.77
BW|2026-08-13|9.444|9.624|12.3928|1.2|2408|9.35
BW|2026-08-14|9.541|9.644|12.245|15.7|2060|10.29
BZH|2026-08-07|33.062|32.8965|29.6254|80.3|475|33.18
BZH|2026-08-10|33.063|32.975|29.7832|81.2|457|33.06
BZH|2026-08-11|33.04|33.005|29.9388|79.2|507|33.17
BZH|2026-08-12|33.109|33.0275|30.0852|75.8|589|33.18
BZH|2026-08-13|33.169|33.022|30.2192|74.9|612|33.19
BZH|2026-08-14|33.269|33.0315|30.3548|71.8|689|33.1
CAI|2026-08-07|17.018|16.623|17.154|92.2|188|22.74
CAI|2026-08-10|17.795|16.94|17.2886|94.8|127|23.4
CAI|2026-08-11|18.55|17.2495|17.417|93.5|160|23.14
CAI|2026-08-12|19.217|17.4895|17.5332|89.1|265|22.26
CAI|2026-08-13|19.826|17.7745|17.6464|88|293|22.18
CAI|2026-08-14|20.439|18.04|17.7728|89.2|265|21.8
CAMT|2026-08-07|143.221|146.164|159.1976|33.4|1605|155.35
CAMT|2026-08-10|143.885|147.23|158.864|35.6|1567|158.1
CAMT|2026-08-11|146.32|147.9555|158.719|40.9|1439|164.41
CAMT|2026-08-12|151.043|149.3|158.9412|56.6|1053|174.2
CAMT|2026-08-13|154.601|150.5445|158.647|42.6|1399|172.81
CAMT|2026-08-14|157.893|151.506|158.2856|34.6|1598|165.38
CAT|2026-08-07|839.759|868.05|916.8776|22.1|1878|842.19
CAT|2026-08-10|836.189|863.3555|915.8758|24.4|1840|837.58
CAT|2026-08-11|836.441|858.857|915.2258|23.2|1870|843.37
CAT|2026-08-12|843.73|855.922|915.0306|27.8|1752|855.6
CAT|2026-08-13|848.276|854.7935|913.9264|20.2|1945|854.6
CAT|2026-08-14|852.452|853.608|912.5342|19|1979|856.57
CBRL|2026-08-07|56.592|54.695|48.4606|93.3|162|57.79
CBRL|2026-08-10|56.959|54.8825|48.8982|89.7|251|56.1
CBRL|2026-08-11|57.181|55.016|49.3424|88.5|280|56.03
CBRL|2026-08-12|57.4|55.373|49.816|90.6|228|58.74
CBRL|2026-08-13|57.532|55.7405|50.3006|90.2|240|58.4
CBRL|2026-08-14|57.6855|55.9562|50.7967|87.2|313|57.925
CCOI|2026-08-07|12.483|12.4005|13.8998|1.3|2380|9.92
CCOI|2026-08-10|12.291|12.269|13.7094|1.3|2401|10.3
CCOI|2026-08-11|12.078|12.1975|13.5706|1.6|2396|10.82
CCOI|2026-08-12|11.834|12.084|13.4218|1.1|2399|10.25
CCOI|2026-08-13|11.545|12.016|13.2808|1|2413|10.35
CCOI|2026-08-14|11.326|12.033|13.1792|3.5|2358|11.31
CGEM|2026-08-11|17.623|17.5325|16.6968|88.5|281|19.63
CGEM|2026-08-12|17.862|17.621|16.7646|89.3|260|19.6
CGEM|2026-08-13|18.074|17.7825|16.8506|88.7|276|19.64
CGEM|2026-08-14|18.458|17.915|16.9532|92.5|184|20.34
CHTR|2026-08-07|146.411|137.7655|136.8642|60.9|943|152.57
CHTR|2026-08-10|148.579|138.8615|136.9848|62.6|910|153.29
CHTR|2026-08-11|150.351|140.3505|137.2576|66.5|816|157.69
CHTR|2026-08-12|150.853|141.2995|137.41|52.3|1158|150.22
CHTR|2026-08-13|152.306|142.4595|137.7352|62.4|917|156.53
CHTR|2026-08-14|153.235|143.6045|138.2404|56.2|1070|154.27
CLF|2026-08-07|11.943|10.908|11.453|77.3|547|12.26
CLF|2026-08-10|11.967|11.047|11.437|82.9|416|12.49
CLF|2026-08-11|12.01|11.178|11.4132|80.7|470|12.41
CLF|2026-08-12|12.097|11.298|11.3866|78.7|517|12.25
CLF|2026-08-13|12.149|11.429|11.3346|60.9|953|12.15
CLF|2026-08-14|12.187|11.56|11.2896|35|1588|11.9
CLSK|2026-08-07|13.5185|13.8155|15.0186|25.4|1799|12.3
CLSK|2026-08-10|13.275|13.777|14.8876|14|2092|11.59
CLSK|2026-08-11|13.079|13.6805|14.7522|14|2095|11.52
CLSK|2026-08-12|13.096|13.583|14.6196|15.1|2059|12.18
CLSK|2026-08-13|12.794|13.514|14.4984|9.5|2207|11.52
CLSK|2026-08-14|12.627|13.467|14.388|13.3|2118|12.09
CMPS|2026-08-07|11.966|12.1537|12.5622|87.3|306|13.54
CMPS|2026-08-10|12.157|12.1535|12.5874|89.2|263|13.18
CMPS|2026-08-11|12.41|12.153|12.5938|89.9|246|13.38
CMPS|2026-08-12|12.742|12.1985|12.5944|95.1|119|14.22
CMPS|2026-08-13|12.914|12.2415|12.5936|89|268|13.29
CMPS|2026-08-14|13.124|12.2965|12.6088|89.3|263|13.45
COHU|2026-08-07|48.214|50.822|56.2674|71|699|52.88
COHU|2026-08-10|48.38|50.655|56.1758|38|1508|49.47
COHU|2026-08-11|49.415|50.507|56.1772|40|1461|52.82
COHU|2026-08-12|51.095|50.563|56.21|63.2|893|56.14
COHU|2026-08-13|52.284|50.9045|56.225|69.5|745|58.34
COHU|2026-08-14|53.415|51.31|56.2886|77.4|552|59.3
CORT|2026-08-07|106.308|98.969|88.6616|98.7|33|110.77
CORT|2026-08-10|108.619|100.3855|89.5786|98.5|37|114.23
CORT|2026-08-11|110.386|101.455|90.426|96.8|79|111.86
CORT|2026-08-12|112.309|102.5855|91.2608|97.7|56|112.18
CORT|2026-08-13|111.528|103.625|92.047|92.5|183|110.51
CORT|2026-08-14|111.526|104.8225|92.8834|95.8|103|114.47
CORZ|2026-08-07|21.1605|21.8912|24.6695|35.3|1561|21.01
CORZ|2026-08-10|21.0305|21.7278|24.5031|12.8|2121|19.44
CORZ|2026-08-11|20.932|21.6113|24.3613|11.1|2166|19.76
CORZ|2026-08-12|21.207|21.5188|24.2077|14.8|2066|20.87
CORZ|2026-08-13|21.004|21.4567|24.0223|9.2|2213|19.78
CORZ|2026-08-14|20.95|21.4187|23.8473|9.8|2204|20.18
CPA|2026-08-07|142.584|141.9385|144.1356|56.8|1041|142.13
CPA|2026-08-10|142.41|141.5705|144.0262|42.4|1401|136.69
CPA|2026-08-11|141.859|140.9295|143.8584|33.3|1624|134.5
CPA|2026-08-12|141.817|140.3495|143.7676|41.1|1429|135.86
CPA|2026-08-13|141.231|139.95|143.7584|37.1|1533|136.37
CPA|2026-08-14|140.696|139.79|143.759|30.9|1689|135.87
CRCL|2026-08-07|63.503|63.7635|73.0278|25.4|1800|66.67
CRCL|2026-08-10|63.641|63.966|72.204|13.4|2106|67.05
CRCL|2026-08-11|64.325|64.363|71.3672|11.8|2148|71.16
CRCL|2026-08-12|65.317|64.6425|70.6934|24.4|1834|71.28
CRCL|2026-08-13|66.431|65.3795|70.184|43.6|1375|75.38
CRCL|2026-08-14|67.33|65.9365|69.8134|34.8|1593|71.6
CRSR|2026-08-07|11.1115|10.4343|9.7992|99.8|6|14.35
CRSR|2026-08-10|11.4295|10.6463|9.8344|99.5|12|13.71
CRSR|2026-08-11|11.6385|10.8052|9.8482|98.9|29|12.83
CRSR|2026-08-12|11.903|10.9772|9.877|97.6|59|12.92
CRSR|2026-08-13|12.185|11.1817|9.9154|98.3|43|13.45
CRSR|2026-08-14|12.423|11.3438|9.9657|98.3|42|12.99
CRWV|2026-08-07|78.813|78.144|92.1322|57.1|1034|90.67
CRWV|2026-08-10|80.553|78.388|91.7588|54.7|1103|88.19
CRWV|2026-08-11|82.855|78.907|91.3746|49.7|1225|90.32
CRWV|2026-08-12|87.546|80.4375|91.0328|85.6|349|107.73
CRWV|2026-08-13|90.785|82.1065|90.7732|83.1|412|106.29
CRWV|2026-08-14|94.134|83.709|90.6598|72.9|663|105.26
CSCO|2026-08-07|117.359|115.266|117.8784|71.6|685|121.43
CSCO|2026-08-10|118.159|115.432|117.957|73.6|643|122.57
CSCO|2026-08-11|118.644|115.599|117.9572|71|706|120.43
CSCO|2026-08-12|119.784|116.2045|118.0082|76.9|560|123.88
CSCO|2026-08-13|119.775|116.395|117.7176|44.6|1351|113.47
CSCO|2026-08-14|119.344|116.382|117.4212|35|1589|111.68
CTRN|2026-08-11|71.15|67.854|59.5693|95.7|105|76.18
D|2026-08-07|69.077|70.0215|68.781|19.8|1933|67.39
D|2026-08-10|68.765|69.839|68.7764|25.2|1819|67.15
D|2026-08-11|68.513|69.679|68.7996|32|1656|68.1
D|2026-08-12|68.262|69.5325|68.8682|27.1|1769|68.04
D|2026-08-13|68.143|69.375|68.9096|27|1779|68.54
D|2026-08-14|68.103|69.2615|68.9758|25.9|1811|68.77
DDS|2026-08-07|601.946|577.369|572.7074|54.6|1095|612.14
DDS|2026-08-10|607.949|582.7925|573.2134|66.2|822|633.98
DDS|2026-08-11|613.658|588.725|574.33|70.9|710|646.04
DDS|2026-08-12|618.345|593.698|575.2866|61.8|928|636.02
DDS|2026-08-13|619.495|597.1425|575.71|48.6|1254|613.81
DDS|2026-08-14|616.749|597.64|574.7048|13|2126|560.88
DELL|2026-08-07|424.924|421.948|415.969|92.3|187|453.77
DELL|2026-08-10|428.021|423.4865|418.7856|92.6|181|457.88
DELL|2026-08-11|432.908|422.658|419.1868|88.6|278|440.97
DELL|2026-08-12|444.394|426.249|419.5576|90.4|233|484.5
DELL|2026-08-13|453.364|431.4055|420.7416|90.4|235|494.51
DELL|2026-08-14|461.908|436.129|422.1362|90.3|237|490.81
DFTX|2026-08-07|43.556|43.8445|37.4734|90.7|224|46.14
DFTX|2026-08-10|43.806|43.9195|37.9068|90.8|224|45.15
DFTX|2026-08-11|43.701|43.666|38.2412|71.7|690|40.91
DFTX|2026-08-12|43.764|43.5225|38.6158|78.3|527|42.79
DFTX|2026-08-13|43.705|43.5125|39.0366|83.3|409|43.9
DFTX|2026-08-14|43.616|43.4295|39.4174|78.4|528|42.63
DLTR|2026-08-07|128.643|126.558|120.0746|73.2|647|130.9
DLTR|2026-08-10|129.026|126.7075|120.402|67.4|794|129.37
DLTR|2026-08-11|129.156|126.8825|120.6344|65.4|843|128.06
DLTR|2026-08-12|129.122|126.9615|120.9796|74.1|629|128.61
DLTR|2026-08-13|129.218|127.0155|121.3824|79.8|494|129.53
DLTR|2026-08-14|129.436|127.188|121.7202|79.4|504|129.39
DOCN|2026-08-07|120.41|123.1105|144.3988|47.3|1272|124.15
DOCN|2026-08-10|121.363|123.431|143.9552|60.3|966|129.73
DOCN|2026-08-11|122.198|123.159|143.2534|20.8|1929|120.86
DOCN|2026-08-12|124.859|123.845|142.4518|28|1746|133.37
DOCN|2026-08-13|126.065|124.6085|141.6362|40.9|1442|132.29
DOCN|2026-08-14|127.307|125.159|140.761|52.6|1159|129.92
DOCS|2026-08-07|21.945|21.6865|21.2816|91.5|206|27.4
DOCS|2026-08-10|22.409|21.8535|21.3728|84.4|380|25.63
DOCS|2026-08-11|22.876|22.069|21.467|87.9|295|26.11
DOCS|2026-08-12|23.212|22.2055|21.5158|85.6|350|24.99
DOCS|2026-08-13|23.747|22.4245|21.6174|91.2|215|26.59
DOCS|2026-08-14|24.136|22.5885|21.6926|86.6|328|24.8
DOO|2026-08-07|63.013|61.5278|60.6115|41.5|1410|65.01
DY|2026-08-07|406.243|413.8955|446.7504|29|1711|407.99
DY|2026-08-10|403.901|413.4295|444.0622|23|1873|400.79
DY|2026-08-11|404.032|412.645|441.9258|19.4|1964|403.18
DY|2026-08-12|407.857|411.715|440.2514|16.9|2015|410.17
DY|2026-08-13|407.083|411.5425|438.7202|11.7|2152|409.41
DY|2026-08-14|408.883|412.1405|437.4194|16.5|2040|419.07
DYN|2026-08-07|25.705|24.687|21.8962|92.2|189|26.25
DYN|2026-08-10|25.792|24.83|22.055|93.2|167|26.5
DYN|2026-08-11|25.873|24.9765|22.2026|92.4|186|26.71
DYN|2026-08-12|25.98|25.0855|22.3534|91.1|216|26.17
DYN|2026-08-13|26.003|25.2475|22.5278|86|341|25.96
DYN|2026-08-14|26.055|25.3455|22.682|83.2|411|25.7
ECG|2026-08-07|128.828|131.928|142.8372|32.2|1634|136.89
ECG|2026-08-10|129.261|131.8565|142.4448|25.1|1822|131.89
ECG|2026-08-11|130.986|131.6665|142.159|27.1|1775|134.48
ECG|2026-08-12|134.069|131.7435|142.0564|43.7|1366|140
ECG|2026-08-13|135.525|131.8955|141.7912|24.9|1831|137.5
ECG|2026-08-14|137.086|132.286|141.572|46.8|1301|141.04
EFOR|2026-08-07|28.018|23.376|21.0612|99.8|7|32.22
EFOR|2026-08-10|29.107|24.0845|21.2922|99.8|7|32.45
EFOR|2026-08-11|30.065|24.8705|21.4952|99.8|6|32.83
EFOR|2026-08-12|30.996|25.6435|21.6856|99.8|5|32.72
EFOR|2026-08-13|31.584|26.382|21.906|99.8|5|33.45
EFOR|2026-08-14|31.907|27.029|22.1288|99.4|15|31.67
EL|2026-08-07|85.331|83.5725|84.0346|70.5|711|88.35
EL|2026-08-10|85.73|83.8745|83.961|58.5|1011|87.19
EL|2026-08-11|86.033|84.2205|83.9376|64.3|870|87.78
EL|2026-08-12|86.388|84.489|83.9796|62.1|919|87.68
EL|2026-08-13|86.632|84.713|84.0578|61.4|942|87.32
EL|2026-08-14|86.852|84.9115|84.1388|54.2|1119|86.1
ELVN|2026-08-07|56.7805|54.6117|48.3305|95.7|104|60.46
ELVN|2026-08-10|57.449|55.0393|48.7059|95.5|110|59.42
ELVN|2026-08-11|57.951|55.3918|49.0901|88.9|271|58.78
ELVN|2026-08-12|58.446|55.6298|49.4983|88.4|282|57.92
ELVN|2026-08-13|58.857|55.9898|49.9491|85.6|352|58.06
ELVN|2026-08-14|59.258|56.2707|50.4049|86.1|340|58.82
EME|2026-08-07|780.564|769.1285|799.021|51.2|1176|816.9
EME|2026-08-10|787.222|771.35|798.2386|48.1|1262|809.33
EME|2026-08-11|798.326|773.456|798.0394|50.1|1215|816.86
EME|2026-08-12|814.418|776.64|798.0884|61.9|924|833.4
EME|2026-08-13|817.304|780.6995|798.1674|52.4|1160|831.23
EME|2026-08-14|821.19|785.306|798.1024|57.1|1048|836.29
EROC|2026-08-07|10.413|11.0965||21|1905|10.59
EROC|2026-08-10|10.393|11.0165||3.4|2350|10.51
EROC|2026-08-11|10.508|10.959||2.6|2373|11.25
EROC|2026-08-12|10.991|11.047||57.6|1029|13.82
EROC|2026-08-13|11.569|11.3225||77.6|548|15.66
EROC|2026-08-14|12.215|11.618||86.1|341|16.72
ESLT|2026-08-07|825.498|794.4455|800.8824|56|1061|859.14
ESLT|2026-08-10|828.816|799.9775|799.9506|46.8|1294|846.04
ESLT|2026-08-11|824.565|801.9665|797.8544|14.9|2072|776.08
ESLT|2026-08-12|825.606|804.379|796.2834|12.2|2129|779.51
ESLT|2026-08-13|824.972|806.438|794.8928|6.8|2272|779.62
ESLT|2026-08-14|822.469|808.5415|793.969|7.1|2271|783.62
ETON|2026-08-07|46.027|43.3855|37.205|90.5|230|44.6
ETON|2026-08-10|46.163|43.702|37.4412|90|244|43.67
ETON|2026-08-11|45.702|43.929|37.6732|75.7|592|42.05
ETON|2026-08-12|45.047|44.083|37.9312|69|752|41.58
ETON|2026-08-13|44.224|44.2635|38.1992|62.8|907|40.8
ETON|2026-08-14|45.468|45.0905|38.8242|99.2|20|58.86
EVTC|2026-08-07|31.169|30.521|27.8652|52.4|1147|29.85
EVTC|2026-08-10|31.085|30.5225|27.9704|47.7|1273|29.64
EVTC|2026-08-11|30.885|30.5445|28.0712|52|1169|29.51
EVTC|2026-08-12|30.736|30.5555|28.1772|65.9|827|30.41
EVTC|2026-08-13|30.774|30.615|28.3292|78.5|524|31.98
EVTC|2026-08-14|30.887|30.68|28.5092|72.7|667|31.57
EWTX|2026-08-07|41.7265|40.6947|39.2719|86|338|43.52
EWTX|2026-08-10|42.0245|40.8603|39.4975|91|219|44.58
EWTX|2026-08-11|42.4205|41.0892|39.7005|89.4|259|44.31
EWTX|2026-08-12|42.8015|41.2257|39.7665|88.7|274|43.56
EWTX|2026-08-13|43.0075|41.4753|39.8851|84.3|383|43.18
EWTX|2026-08-14|43.5815|41.6957|40.0443|84.4|381|44.17
FCEL|2026-08-07|21.019|20.7568|21.8465|91.2|212|20.43
FCEL|2026-08-10|20.853|20.7942|21.7553|80.1|485|19.83
FCEL|2026-08-11|20.807|20.6867|21.7061|54.2|1116|19.2
FCEL|2026-08-12|21.166|20.7577|21.7133|73.9|633|21.67
FCEL|2026-08-13|20.838|20.9118|21.6273|58.1|1022|20.34
FCEL|2026-08-14|20.914|21.1055|21.6385|86.4|333|22.37
FET|2026-08-07|64.389|59.3615|54.0306|95.1|118|74.23
FET|2026-08-10|66.571|60.7535|54.5834|96.8|80|78.42
FET|2026-08-11|69.633|62.295|55.2404|97.2|69|83.07
FET|2026-08-12|72.808|63.8085|55.884|97.2|69|82.86
FET|2026-08-13|75.907|65.322|56.478|96.4|88|82.42
FET|2026-08-14|78.176|66.968|57.1418|97|75|85.36
FIG|2026-08-07|24.761|23.726|21.874|32.7|1622|23.29
FIG|2026-08-10|25.006|23.813|21.9126|75.2|603|25.39
FIG|2026-08-11|25.055|23.8635|21.9|83.2|410|24.87
FIG|2026-08-12|24.954|23.876|21.8326|80.1|484|23.75
FIG|2026-08-13|25.213|24.023|21.8738|94.1|144|26.35
FIG|2026-08-14|25.323|24.0965|21.9264|92.1|193|25.42
FIGS|2026-08-07|11.016|10.4825|10.96|78.8|511|14.26
FIGS|2026-08-08|11.016|10.4825|10.96|69.6|726|14.26
FIGS|2026-08-10|11.462|10.702|11.0026|85.4|355|14.39
FIGS|2026-08-11|11.856|10.9295|11.0528|83.7|399|14.27
FIGS|2026-08-12|12.242|11.1535|11.1064|80.9|464|14.42
FIGS|2026-08-13|12.677|11.3795|11.1746|84.9|368|14.84
FIGS|2026-08-14|13.076|11.5985|11.229|83.8|396|14.69
FLNC|2026-08-07|13.6285|14.1498|18.5623|5.9|2268|13.195
FLNC|2026-08-10|13.5425|14.0243|18.3881|4.1|2333|12.65
FLNC|2026-08-11|13.5915|13.8993|18.2727|4.9|2316|13.11
FLNC|2026-08-12|13.7225|13.7907|17.9937|7.3|2249|13.2
FLNC|2026-08-13|13.6975|13.7308|17.6999|5.8|2296|13.22
FLNC|2026-08-14|13.6185|13.6843|17.4657|8.1|2246|13.14
FPS|2026-08-07|35.504|37.667|48.3294|27.4|1750|38.71
FPS|2026-08-10|35.642|37.417|48.1302|25.1|1823|37.6
FPS|2026-08-11|36.173|37.244|47.7914|20.7|1932|37.72
FPS|2026-08-12|37.075|37.0265|47.4298|27.5|1760|38.27
FPS|2026-08-13|37.503|36.9255|47.0434|20.8|1931|37.56
FPS|2026-08-14|38.142|36.919|46.641|52.7|1156|39.66
FRMI|2026-08-07|6.269|6.352|7.0772|50.6|1191|6.18
FRMI|2026-08-10|6.134|6.3305|7.0592|31.7|1661|5.88
FRMI|2026-08-11|6.218|6.3495|7.062|86.2|336|7.12
FRMI|2026-08-12|6.392|6.417|7.082|86|341|7.6
FRMI|2026-08-13|6.379|6.4505|7.082|55.2|1092|6.6
FRMI|2026-08-14|6.45|6.468|7.0882|20.7|1938|6.4
FROG|2026-08-07|81.4845|84.1233|84.6525|67.2|791|89.52
FROG|2026-08-10|82.1765|83.9297|84.9601|53.2|1139|88.15
FROG|2026-08-11|83.1435|83.6763|85.0925|63.5|890|86.1
FROG|2026-08-12|84.42|83.4143|85.0471|79.1|509|86.04
FROG|2026-08-13|86.093|83.8452|85.1891|91.1|218|95.15
FROG|2026-08-14|87.731|84.2268|85.4353|93.6|157|96.17
FTK|2026-08-07|27.965|27.0695|24.6894|99.3|18|35.42
FTK|2026-08-10|29.291|27.7025|25.0322|99.6|11|37.62
FTK|2026-08-11|30.807|28.305|25.4096|99.5|14|38.82
FTK|2026-08-12|32.344|28.8585|25.746|99.3|17|37.17
FTK|2026-08-13|33.445|29.288|25.9676|97.9|52|34.41
FTK|2026-08-14|34.674|29.771|26.2202|98.6|35|35.83
FTNT|2026-08-07|158.716|158.9465|152.8734|65.6|829|159.64
FTNT|2026-08-10|159.899|159.126|153.5636|78.9|513|164.21
FTNT|2026-08-11|161.09|158.879|154.042|80.2|482|161.89
FTNT|2026-08-12|161.852|158.6955|154.316|79.7|493|160.84
FTNT|2026-08-13|162.971|158.9285|154.6476|84.7|373|165.44
FTNT|2026-08-14|162.777|158.8485|154.9182|78.6|523|160.01
FUTU|2026-08-07|105.633|102.4575|99.2564|63|893|109.02
FUTU|2026-08-10|106.076|103.075|99.3322|58.3|1014|108.7
FUTU|2026-08-11|106.408|103.4265|99.354|38.6|1497|105.16
FUTU|2026-08-12|106.736|103.716|99.4002|27.6|1757|105.16
FUTU|2026-08-13|106.854|104.07|99.4528|39.6|1474|104.6
FUTU|2026-08-14|106.865|104.5765|99.633|38.1|1513|105.23
GFS|2026-08-07|50.493|54.726|69.2058|17.1|1998|53.93
GFS|2026-08-10|50.18|54.0315|68.5942|10.8|2170|50.05
GFS|2026-08-11|50.36|53.403|68.0112|11|2167|50.82
GFS|2026-08-12|50.971|52.9915|67.4762|12.2|2130|53.18
GFS|2026-08-13|51.251|52.714|66.838|10.7|2177|52.69
GFS|2026-08-14|51.71|52.569|66.2098|24|1857|54.58
GH|2026-08-07|155.536|154.817|146.2776|91.4|208|168.48
GH|2026-08-10|157.71|155.2575|146.9574|94|148|167.21
GH|2026-08-11|159.857|155.5065|147.6654|89.5|257|165.09
GH|2026-08-12|161.961|155.614|148.3848|88.6|277|165.11
GH|2026-08-13|162.68|155.841|148.9722|83.9|394|159.54
GH|2026-08-14|162.202|155.908|149.5758|85.2|362|157.21
GIII|2026-08-07|36.296|35.728|34.569|49.8|1211|35.46
GIII|2026-08-10|36.217|35.76|34.6132|42|1412|35.14
GIII|2026-08-11|35.947|35.7565|34.6488|34.9|1586|34.11
GIII|2026-08-12|35.639|35.669|34.6738|25.2|1816|33.46
GIII|2026-08-13|35.35|35.564|34.6982|28|1755|33.8
GIII|2026-08-14|35.099|35.488|34.7304|26.2|1803|33.9
GLBE|2026-08-07|40.274|38.711|35.777|90.3|234|42.32
GLBE|2026-08-10|40.613|38.8345|35.9982|89.1|265|41.15
GLBE|2026-08-11|40.809|38.94|36.2026|89.8|249|40.86
GLBE|2026-08-12|40.838|39.0185|36.3386|87.7|300|40.55
GLBE|2026-08-13|41.07|39.2105|36.5164|91|220|42.19
GLBE|2026-08-14|41.375|39.4225|36.7278|89.9|247|42.36
GLOB|2026-08-07|36.719|34.1805|34.3244|39.8|1452|37.4
GLOB|2026-08-10|37.31|34.502|34.2968|48.9|1243|38.55
GLOB|2026-08-11|37.697|34.905|34.2692|55.5|1084|38.98
GLOB|2026-08-12|37.756|35.243|34.1552|56.5|1057|38.74
GLOB|2026-08-13|38.216|35.6825|34.1294|71.3|701|40.99
GLOB|2026-08-14|38.294|35.94|34.0836|48.6|1256|37.38
GME|2026-08-07|20.479|21.1495|21.5562|2.7|2346|19.16
GME|2026-08-10|20.206|20.9875|21.4984|3.1|2357|18.79
GME|2026-08-11|19.872|20.807|21.4512|3.2|2357|18.82
GME|2026-08-12|19.542|20.621|21.3948|2.7|2360|18.54
GME|2026-08-13|19.211|20.4535|21.3478|3.3|2357|18.57
GME|2026-08-14|18.905|20.292|21.2774|3.3|2364|18.66
GO|2026-08-07|9.523|9.4782|9.4405|79.4|497|9.91
GO|2026-08-10|9.564|9.4742|9.4647|76.6|570|9.83
GO|2026-08-11|9.635|9.4742|9.4911|78|537|9.83
GO|2026-08-12|9.738|9.4985|9.5307|79.5|497|10.17
GO|2026-08-13|9.902|9.5595|9.5773|88.9|272|10.8
GO|2026-08-14|10.096|9.644|9.6345|91.2|215|11.13
GRND|2026-08-07|17.093|16.187|14.457|90.2|238|16.58
GRND|2026-08-10|17.18|16.222|14.526|85.4|356|16.35
GRND|2026-08-11|17.143|16.2515|14.6006|86.7|325|16.23
GRND|2026-08-12|17.009|16.256|14.6656|86.5|329|15.87
GRND|2026-08-13|16.889|16.2555|14.7464|83.7|398|15.75
GRND|2026-08-14|16.756|16.293|14.8486|85.1|364|16.01
GRRR|2026-08-07|11.847|12.464|15.8094|46.3|1295|13.15
GRRR|2026-08-10|11.983|12.314|15.7244|55.4|1085|13.49
GRRR|2026-08-11|12.218|12.1755|15.5948|60.5|962|14
GRRR|2026-08-12|12.617|12.313|15.4648|66.8|806|14.64
GRRR|2026-08-13|13.013|12.5105|15.3378|73.4|649|15.43
GRRR|2026-08-14|13.541|12.727|15.2994|79.9|491|16.37
HAS|2026-08-07|92.994|88.3795|85.082|69.5|735|93.52
HAS|2026-08-10|93.382|89.1275|85.2442|72.9|659|94.49
HAS|2026-08-11|93.452|90.0585|85.4616|71.9|685|97.04
HAS|2026-08-12|93.424|90.7775|85.658|60.3|963|94.89
HAS|2026-08-13|93.641|91.508|85.9144|70.6|717|96.7
HAS|2026-08-14|93.917|92.2655|86.1658|68.7|766|96.7
HLIT|2026-08-07|11.545|11.965|13.6146|32.1|1638|11.84
HLIT|2026-08-10|11.57|11.8615|13.5066|25.3|1817|11.6
HLIT|2026-08-11|11.609|11.7505|13.4334|20|1950|11.45
HLIT|2026-08-12|11.749|11.701|13.3572|36.1|1550|12
HLIT|2026-08-13|11.935|11.745|13.3072|65.8|834|13.08
HLIT|2026-08-14|12.172|11.8395|13.2924|76.7|570|13.92
HPE|2026-08-07|49.476|48.232|47.5766|88.7|273|53.22
HPE|2026-08-10|50.125|48.604|47.906|91|220|54.68
HPE|2026-08-11|51.004|48.845|48.1328|91.1|217|54.38
HPE|2026-08-12|52.439|49.415|48.3686|96|97|58.79
HPE|2026-08-13|53.707|50.1495|48.442|95.9|101|59.82
HPE|2026-08-14|54.788|50.794|48.5132|94.4|137|58.71
HRB|2026-08-07|45.205|43.0685|39.7742|88.5|279|46.19
HRB|2026-08-10|45.565|43.322|39.9268|87.3|310|45.93
HRB|2026-08-11|45.738|43.6085|40.0904|91|220|46.67
HRB|2026-08-12|46.438|44.2605|40.3826|98.1|46|54.18
HRB|2026-08-13|47.343|44.835|40.6778|97.5|62|53.34
HRB|2026-08-14|48.332|45.427|40.997|97.5|61|53.92
HTFL|2026-08-07|26.428|25.8495|28.7907|69.8|730|28.82
HTFL|2026-08-10|26.826|26.009|28.7431|71.5|693|29.35
HTFL|2026-08-11|27.221|26.2115|28.7143|67|804|29.54
HTFL|2026-08-12|27.702|26.3415|28.6913|69.1|750|29.85
HTFL|2026-08-13|28.22|26.5935|28.7205|73.8|639|31.01
HTFL|2026-08-14|29.905|27.4535|28.9851|96.6|84|42.08
HUT|2026-08-07|99.505|101.3185|110.4055|35.1|1565|88.59
HUT|2026-08-10|97.612|100.643|109.6339|22.7|1882|85.66
HUT|2026-08-11|96.376|100.1655|108.9129|23|1875|88.78
HUT|2026-08-12|96.635|99.5525|108.0807|23.5|1856|90.77
HUT|2026-08-13|94.103|99.1045|107.0793|16.2|2044|82.95
HUT|2026-08-14|91.884|98.804|106.1623|14.9|2080|85.44
HYMC|2026-08-07|21.711|20.9827|23.8139|49|1229|26.54
HYMC|2026-08-10|22.397|21.3257|23.6963|56|1072|27.29
HYMC|2026-08-11|23.138|21.6092|23.5859|64.4|868|27.53
HYMC|2026-08-12|23.967|21.9372|23.4781|67.8|783|27.45
HYMC|2026-08-13|24.617|22.344|23.3331|56.6|1059|26.57
HYMC|2026-08-14|25.371|22.745|23.2315|57.9|1029|27.07
IBRX|2026-08-07|7.172|7.3912|7.6278|38.8|1476|7.64
IBRX|2026-08-10|7.222|7.3763|7.6232|35.2|1576|7.49
IBRX|2026-08-11|7.285|7.3623|7.6248|30.9|1683|7.6
IBRX|2026-08-12|7.376|7.3628|7.6348|57.1|1042|7.74
IBRX|2026-08-13|7.396|7.3728|7.6432|45.9|1319|7.65
IBRX|2026-08-14|7.436|7.3673|7.651|54.7|1107|7.57
IDCC|2026-08-07|302.4665|282.1955|276.1884|88|291|344.56
IDCC|2026-08-10|311.3655|286.532|278.1384|88.8|274|348.25
IDCC|2026-08-11|319.1525|290.1612|279.858|85.5|355|338.07
IDCC|2026-08-12|328.1815|294.2222|281.7198|84.5|378|351.43
IDCC|2026-08-13|332.2555|298.1463|283.4212|80.3|481|344.07
IDCC|2026-08-14|336.138|302.3062|285.1614|79.5|503|343.65
IMAX|2026-08-07|48.761|44.25|42.2032|90|241|48.49
IMAX|2026-08-10|49.371|44.893|42.4428|94.5|134|51.21
IMAX|2026-08-11|49.701|45.498|42.661|93.6|156|50.59
IMAX|2026-08-12|49.967|46.102|42.8776|92.1|193|51.32
IMAX|2026-08-13|50.533|46.8165|43.1328|90.8|226|53.26
IMAX|2026-08-14|51.037|47.498|43.4108|91|221|52.88
IMVT|2026-08-07|39.254|39.3195|37.0778|76.4|569|39.95
IMVT|2026-08-10|39.234|39.379|37.2056|77.7|543|39.89
IMVT|2026-08-11|39.437|39.487|37.3582|84.8|371|40.93
IMVT|2026-08-12|39.836|39.623|37.553|89.4|257|42.6
IMVT|2026-08-13|40.07|39.766|37.771|84.3|384|41.82
IMVT|2026-08-14|40.39|39.844|37.9844|84.6|377|41.82
INBX|2026-08-07|83.275|85.4988|91.1553|56.3|1054|88.66
INBX|2026-08-10|84.341|85.546|90.9379|78.3|528|93.11
INBX|2026-08-11|85.611|85.5045|90.7053|72.1|681|92.38
INBX|2026-08-12|87.522|85.8615|90.6867|84.4|379|98.36
INBX|2026-08-13|88.75|86.2585|90.7543|76.3|578|97.01
INBX|2026-08-14|89.382|86.3075|90.6173|54.9|1104|88.37
INFQ|2026-08-07|10.427|10.0355|12.5476|58.5|1002|11.91
INFQ|2026-08-10|10.62|10.1135|12.426|58.3|1015|11.69
INFQ|2026-08-11|10.846|10.182|12.338|60.7|958|11.82
INFQ|2026-08-12|11.199|10.3065|12.2314|56.7|1050|12.36
INFQ|2026-08-13|11.419|10.4625|12.0776|53.1|1144|12.18
INFQ|2026-08-14|11.722|10.651|11.9866|61.9|932|12.86
INOD|2026-08-07|62.592|62.5645|79.5632|46.6|1288|62.33
INOD|2026-08-10|62.8735|62.2698|78.8207|40.8|1441|62.225
INOD|2026-08-11|63.3885|62.0482|77.9753|38.3|1503|62.71
INOD|2026-08-12|63.9955|61.8563|76.8983|40|1455|61.47
INOD|2026-08-13|64.2015|61.9143|75.8565|48.1|1265|62.13
INOD|2026-08-14|64.3035|62.0663|74.9681|66.2|827|63.85
INSM|2026-08-07|107.194|107.6695|105.3025|74.7|610|131.1
INSM|2026-08-10|110.196|108.95|105.8301|76.4|574|134.75
INSM|2026-08-11|113.04|110.073|106.3433|73.8|639|132.57
INSM|2026-08-12|115.956|111.1965|106.8683|75.4|598|132.28
INSM|2026-08-13|118.44|112.14|107.3203|69.7|739|126.33
INSM|2026-08-14|120.954|112.911|107.7179|67.5|794|123.74
INSP|2026-08-07|54.97|52.9505|47.5206|86.5|327|60.16
INSP|2026-08-10|55.849|53.3685|47.8536|82.9|417|59.72
INSP|2026-08-11|56.565|53.8675|48.209|81.2|459|59.13
INSP|2026-08-12|57.286|54.2565|48.5578|83.3|406|58.28
INSP|2026-08-13|58.104|54.5895|48.9102|78.5|525|58.2
INSP|2026-08-14|58.793|54.9145|49.2434|80.9|468|57.1
IREN|2026-08-07|37.324|37.898|47.1738|59.8|970|41.23
IREN|2026-08-10|37.569|37.886|46.6676|14.2|2088|38.74
IREN|2026-08-11|38.151|37.944|46.1918|16.1|2044|39.75
IREN|2026-08-12|39.587|38.2135|45.7586|45.2|1331|43.67
IREN|2026-08-13|40.237|38.71|45.3218|53.2|1142|44.76
IREN|2026-08-14|40.963|39.232|44.8934|52.4|1165|44.06
JBIO|2026-08-07|20.515|20.537|19.7584|85.4|352|21.96
JBIO|2026-08-10|20.693|20.5585|19.7762|90.1|242|21.73
JBIO|2026-08-11|20.958|20.609|19.8024|89.1|267|22.35
JBIO|2026-08-12|21.344|20.6765|19.8948|93|171|23.21
JBIO|2026-08-13|21.725|20.843|20.016|91.6|205|23.81
JBIO|2026-08-14|22.221|21.0355|20.1584|94.1|144|24.71
JBL|2026-08-07|320.805|318.092|345.1192|68|772|341.22
JBL|2026-08-10|323.319|318.8255|344.5788|59.6|984|336.63
JBL|2026-08-11|328.685|320.315|344.4198|70.6|717|356.61
JBL|2026-08-12|336.587|322.664|344.5436|76|583|366.16
JBL|2026-08-13|342.771|325.829|344.4876|71.1|705|370.36
JBL|2026-08-14|347.576|328.9335|344.1688|65.8|836|363.1
JOYY|2026-08-07|74.3035|72.7628|69.6339|75.5|591|74.44
JOYY|2026-08-10|74.3115|73.0192|69.8129|72.7|665|74.88
JOYY|2026-08-11|74.1695|73.2043|69.9325|65.6|839|73.41
JOYY|2026-08-12|74.1865|73.3663|70.0485|61.2|941|74.16
JOYY|2026-08-13|74.1015|73.5087|70.1177|49|1244|72.17
JOYY|2026-08-14|74.0465|73.6562|70.2389|50|1222|73.02
KC|2026-08-07|11.32|10.598|10.6308|59.6|974|12.33
KC|2026-08-10|11.523|10.6765|10.6176|55.6|1080|11.96
KC|2026-08-11|11.687|10.7775|10.607|52.1|1167|11.75
KC|2026-08-12|11.872|10.8635|10.5754|53.6|1126|11.75
KC|2026-08-13|11.999|10.931|10.5296|51.6|1180|11.41
KC|2026-08-14|12.055|11.0395|10.509|61.1|952|11.71
KLAR|2026-08-07|19.47|19.0865|18.5862|85.8|344|19.9
KLAR|2026-08-10|19.583|19.104|18.6298|81.8|444|19.62
KLAR|2026-08-11|19.615|19.074|18.6446|71.8|687|19.03
KLAR|2026-08-12|19.665|19.051|18.669|83.6|399|19.12
KLAR|2026-08-13|19.833|19.124|18.7322|90.7|227|20.68
KLAR|2026-08-14|20.018|19.226|18.809|92.6|181|20.79
KMT|2026-08-07|34.387|34.442|34.3074|17.9|1980|33.13
KMT|2026-08-10|34.014|34.3375|34.266|7.5|2250|31.59
KMT|2026-08-11|33.477|34.1335|34.2148|4.3|2331|30.24
KMT|2026-08-12|33.2|33.9345|34.1956|4.7|2312|30.78
KMT|2026-08-13|32.906|33.677|34.132|3.7|2347|30.38
KMT|2026-08-14|32.631|33.551|34.103|3.9|2349|31.22
KOPN|2026-08-11|3.9855|3.8892|4.3373|89.3|261|5.2
KOPN|2026-08-12|4.1715|3.9287|4.3223|90.1|242|5.02
KOPN|2026-08-14|4.495|4.0702|4.2831|93.2|168|5.5
KSS|2026-08-07|19.289|18.434|17.5116|91.2|213|19.3
KSS|2026-08-10|19.343|18.558|17.5804|84.3|383|19.03
KSS|2026-08-11|19.283|18.661|17.663|75.5|598|18.49
KSS|2026-08-12|19.304|18.7695|17.7504|73.6|641|19.27
KSS|2026-08-13|19.316|18.876|17.8258|80.6|473|19.62
KSS|2026-08-14|19.323|18.9715|17.8996|76|587|19.21
KTOS|2026-08-07|50.934|49.408|52.6692|58.4|1003|60.77
KTOS|2026-08-10|52.231|50.181|52.6138|62.7|908|62.42
KTOS|2026-08-11|53.74|50.8495|52.6058|71.1|704|63.73
KTOS|2026-08-12|55.734|51.5565|52.6124|70.7|712|63.82
KTOS|2026-08-13|57.396|52.348|52.6028|65.2|849|62.79
KTOS|2026-08-14|59.194|53.2755|52.7258|72.2|679|64.58
KURA|2026-08-07|9.342|10.08|10.0692|25.2|1803|9.57
KURA|2026-08-10|9.312|10.027|10.0668|41|1436|9.85
KURA|2026-08-11|9.374|9.9615|10.0614|38.1|1508|9.93
KURA|2026-08-12|9.475|9.892|10.0795|43.4|1373|9.94
KURA|2026-08-13|9.553|9.852|10.1019|47.8|1274|10.09
KURA|2026-08-14|9.738|9.852|10.146|76.4|577|10.86
KYMR|2026-08-07|105.598|108.903|100.4925|57.5|1026|107.52
KYMR|2026-08-10|105.451|108.812|101.0349|68.8|761|108.58
KYMR|2026-08-11|105.797|108.689|101.5989|68.2|776|109.62
KYMR|2026-08-12|106.675|108.6845|102.3101|80.8|466|114.03
KYMR|2026-08-13|107.416|108.706|103.1727|78.8|518|114.42
KYMR|2026-08-14|108.815|108.787|104.0563|84|391|117.39
LFST|2026-08-07|10.687|10.8945|9.8504|70.3|717|10.84
LFST|2026-08-10|10.789|10.9455|9.9322|89.6|254|11.9
LFST|2026-08-11|10.815|10.981|10.008|82.1|438|11.5
LFST|2026-08-12|10.952|11.044|10.0938|92.9|173|12.23
LFST|2026-08-13|11.1|11.0905|10.183|91.3|213|12.22
LFST|2026-08-14|11.294|11.1325|10.2814|93|172|12.42
LIFE|2026-08-07|23.8425|21.3558|19.2099|100|2|31.61
LIFE|2026-08-10|25.1375|22.0117|19.4669|100|2|32.43
LIFE|2026-08-11|26.6025|22.6923|19.7579|100|2|33.45
LIFE|2026-08-12|27.9775|23.4567|20.0521|100|2|33.59
LIFE|2026-08-13|29.4305|24.2718|20.4028|99.8|6|34.8
LIFE|2026-08-14|30.7905|25.0403|20.7454|99.8|5|34.02
LIND|2026-08-07|31.629|29.4038|26.6083|98.5|37|33.95
LIND|2026-08-10|32.124|29.7312|26.8095|97.5|62|33.04
LIND|2026-08-11|32.434|30.0642|27.0073|95.9|102|32.84
LIND|2026-08-12|32.881|30.4652|27.2325|97.4|64|34.22
LIND|2026-08-13|33.35|30.814|27.4681|97.1|72|34.48
LIND|2026-08-14|33.75|31.1095|27.7049|96.5|86|33.58
LPTH|2026-08-07|11.2105|11.2707|13.3404|64.2|864|13.06
LPTH|2026-08-10|11.3755|11.3477|13.2288|54.8|1101|12.57
LPTH|2026-08-11|11.6475|11.4262|13.151|44.6|1350|13.09
LPTH|2026-08-12|12.0815|11.5418|13.0945|61.9|925|13.73
LPTH|2026-08-13|12.361|11.6713|13.0353|36.3|1553|13.12
LPTH|2026-08-14|12.841|11.9067|13.0263|82.7|423|15.17
LRCX|2026-08-07|294.12|307.9975|337.835|51.5|1170|311.35
LRCX|2026-08-10|295.599|306.8215|337.603|44.4|1353|306.4
LRCX|2026-08-11|299.779|305.087|337.4676|40.2|1456|311.41
LRCX|2026-08-12|307.155|304.621|337.6474|55.4|1083|326.11
LRCX|2026-08-13|311.084|305.4235|337.6994|54.3|1115|337.01
LRCX|2026-08-14|315.018|306.3765|337.4724|57|1051|332.36
LUNR|2026-08-07|13.404|13.755|20.8884|31.1|1662|16.4
LUNR|2026-08-10|13.651|13.7865|20.29|26|1801|15.78
LUNR|2026-08-11|14.062|13.865|19.743|26.2|1798|16.48
LUNR|2026-08-12|14.618|13.97|19.3178|32|1650|16.95
LUNR|2026-08-13|15.149|14.176|18.8776|35.2|1579|17.56
LUNR|2026-08-14|15.816|14.4505|18.5812|39.7|1474|19.01
LZB|2026-08-07|40.908|40.1875|39.2504|79.7|491|42.14
LZB|2026-08-10|41.01|40.319|39.3154|73.2|653|41.4
LZB|2026-08-11|41.034|40.467|39.3946|76.7|569|41.54
LZB|2026-08-12|41.047|40.5235|39.4682|69.1|751|41.06
LZB|2026-08-13|41.206|40.5815|39.574|71.6|693|41.72
LZB|2026-08-14|41.453|40.6805|39.6856|69.5|746|41.85
MANE|2026-08-07|108.39|109.7925|108.1588|83.3|403|114.39
MANE|2026-08-10|108.323|109.821|108.3162|84.4|381|110.75
MANE|2026-08-11|108.064|109.76|108.477|73.1|656|108.95
MANE|2026-08-12|108.193|109.0275|108.6278|71.6|690|109.05
MANE|2026-08-13|108.83|109.286|108.8842|65.9|833|111
MANE|2026-08-14|109.601|109.3555|109.2036|78.1|536|112.71
MGM|2026-08-07|45.246|45.7135|46.6818|25.7|1791|44.47
MGM|2026-08-10|44.952|45.5195|46.6904|18.8|1976|43.36
MGM|2026-08-11|44.745|45.3925|46.6996|27.1|1777|44.13
MGM|2026-08-12|44.56|45.2495|46.5654|28|1747|43.98
MGM|2026-08-13|44.401|45.108|46.4796|31.7|1666|44.07
MGM|2026-08-14|44.354|45.0065|46.3956|23.1|1880|44.1
MICC|2026-08-07|18.583|18.459|17.8484|72.8|657|19.27
MICC|2026-08-10|18.699|18.496|17.9048|71.9|684|19.2
MICC|2026-08-11|18.792|18.542|17.9694|80.1|485|19.43
MICC|2026-08-12|18.935|18.5915|18.0382|78.9|513|19.67
MICC|2026-08-13|19.07|18.655|18.104|83|416|20.09
MICC|2026-08-14|19.167|18.699|18.1612|79.8|494|19.58
MLTX|2026-08-07|18.357|18.929|19.0488|16.9|2003|18.26
MLTX|2026-08-10|18.102|18.775|19.0218|11.3|2157|17.33
MLTX|2026-08-11|17.89|18.6285|18.97|7|2265|16.59
MLTX|2026-08-12|17.775|18.492|18.9382|10|2183|17.23
MLTX|2026-08-13|17.526|18.3665|18.9108|4.9|2318|16.5
MLTX|2026-08-14|17.329|18.206|18.8748|4.9|2325|16.47
MMYT|2026-08-07|58.35|56.0075|51.9034|91.6|204|60.01
MMYT|2026-08-10|59.207|56.199|52.175|94.4|136|60.91
MMYT|2026-08-11|59.976|56.482|52.4684|91.1|218|61.41
MMYT|2026-08-12|60.292|56.736|52.7282|93.4|161|60.31
MMYT|2026-08-13|60.658|57.063|53.0062|94.3|140|60.74
MMYT|2026-08-14|61.005|57.353|53.3268|94.3|141|60.42
MNDY|2026-08-07|88.962|83.47|80.9444|85.1|360|93.13
MNDY|2026-08-10|89.614|83.559|81.167|80.5|476|88.62
MNDY|2026-08-11|89.652|83.8405|81.244|81.8|444|87.47
MNDY|2026-08-12|89.222|84.1025|81.0536|79.2|506|85.95
MNDY|2026-08-13|89.835|84.8655|81.1092|92.2|190|94.29
MNDY|2026-08-14|89.872|85.307|81.1406|85.6|353|87.52
MOD|2026-08-07|199.183|217.9615|249.4476|2.4|2352|195.6
MOD|2026-08-10|195.244|215.798|247.8538|2.8|2364|191.01
MOD|2026-08-11|194.27|214.2355|246.242|3|2363|198.32
MOD|2026-08-12|196.419|212.614|244.4622|2.2|2373|199.53
MOD|2026-08-13|197.379|211.478|242.3946|2.3|2382|203.51
MOD|2026-08-14|198.223|210.486|240.544|2.9|2373|209.5
MPWR|2026-08-07|1339.7535|1343.8553|1421.7199|54.6|1096|1401.54
MPWR|2026-08-10|1343.9555|1348.3412|1416.6785|40.6|1445|1381.1
MPWR|2026-08-11|1355.9655|1349.6263|1413.3965|37.1|1533|1402.11
MPWR|2026-08-12|1373.5905|1353.2438|1411.0489|36.3|1546|1425.01
MPWR|2026-08-13|1378.2275|1356.0887|1405.8001|14.7|2080|1362.55
MPWR|2026-08-14|1375.8255|1360.5892|1400.0425|30.7|1694|1402.01
MRAM|2026-08-07|15.214|15.5197|20.5453|69.7|731|16.64
MRAM|2026-08-10|15.312|15.4697|20.2387|63.4|892|15.93
MRAM|2026-08-11|15.559|15.4173|20.0399|50.1|1216|16.44
MRAM|2026-08-12|15.972|15.4503|19.7789|56.1|1066|17.06
MRAM|2026-08-13|16.209|15.558|19.5133|43.1|1387|16.83
MRAM|2026-08-14|16.644|15.7745|19.3195|75.2|606|18.88
MRVL|2026-08-07|195.0545|199.5598|240.8913|73.6|638|218.72
MRVL|2026-08-10|196.9935|199.1112|240.9659|60|974|208.56
MRVL|2026-08-11|200.7775|198.6048|241.1121|51.7|1177|212.31
MRVL|2026-08-12|206.1455|199.1457|241.0651|52.6|1151|217.08
MRVL|2026-08-13|210.0335|200.8398|239.6929|56.9|1052|222.18
MRVL|2026-08-14|213.4795|202.5068|238.1003|68.4|774|222.02
MRX|2026-08-07|63.825|64.0247|62.3731|66.5|809|60.81
MRX|2026-08-10|63.42|63.8085|62.5481|45.5|1326|60.55
MRX|2026-08-11|62.997|63.521|62.6879|32.9|1634|59.93
MRX|2026-08-12|63.796|63.824|63.0423|82.1|435|71.13
MRX|2026-08-13|64.44|64.2645|63.4695|84.8|372|72.36
MRX|2026-08-14|65.054|64.8095|63.8127|82.5|429|71.06
MU|2026-08-07|853.182|888.2645|970.9456|69|747|877.57
MU|2026-08-10|849.262|884.4645|969.6952|47.8|1271|861
MU|2026-08-11|854.061|878.7345|967.6456|34.8|1588|868.52
MU|2026-08-12|871.29|879.085|965.1614|48.5|1250|911.29
MU|2026-08-13|878.807|883.9165|962.876|43.5|1379|949.83
MU|2026-08-14|893.67|890.052|960.7178|68.9|761|971.66
NAVN|2026-08-07|27.196|26.213|24.0212|95.5|110|29.08
NAVN|2026-08-10|27.486|26.3405|24.1882|86.5|329|28.68
NAVN|2026-08-11|27.744|26.497|24.3394|92.2|192|28.93
NAVN|2026-08-12|27.966|26.6715|24.4594|96.9|76|28.78
NAVN|2026-08-13|28.266|26.867|24.5962|97.4|65|29.71
NAVN|2026-08-14|28.5295|27.0317|24.7381|97.6|60|29.255
NBIS|2026-08-07|191.979|194.991|223.5358|58.8|993|187.97
NBIS|2026-08-10|191.602|193.671|222.6912|47|1290|184.11
NBIS|2026-08-11|193.956|193.628|221.934|28.5|1742|193.23
NBIS|2026-08-12|205.054|196.6125|221.8278|93.4|162|259.2
NBIS|2026-08-13|211.715|200.776|221.717|88.3|286|255.04
NBIS|2026-08-14|220.442|205.7745|222.237|95.9|100|277.68
NESR|2026-08-07|27.28|27.759|26.7118|77.1|553|29.02
NESR|2026-08-10|28.172|28.1385|26.942|98|49|35.79
NESR|2026-08-11|29.218|28.4745|27.1752|97.7|56|36.01
NESR|2026-08-12|30.259|28.771|27.3836|94.5|134|34.82
NESR|2026-08-13|31.205|29.172|27.6072|95.7|107|35.9
NESR|2026-08-14|32.14|29.588|27.8334|96.3|91|36.31
NET|2026-08-07|282.419|276.8405|257.077|86.2|334|300.27
NET|2026-08-10|286.917|278.8935|258.7266|91.3|213|310.59
NET|2026-08-11|291.204|280.1545|260.0296|90.9|223|306.97
NET|2026-08-12|295.311|282.075|260.8422|92.8|175|311.45
NET|2026-08-13|300.055|284.9935|262.0056|96.4|89|330.83
NET|2026-08-14|303.735|286.8995|263.0146|94.9|125|315.78
NNE|2026-08-07|17.041|17.0085|20.9586|35.4|1558|18.85
NNE|2026-08-10|17.219|17.036|20.757|30|1703|18.57
NNE|2026-08-11|17.551|17.098|20.567|35.8|1565|19.38
NNE|2026-08-12|17.964|17.155|20.3532|28.7|1730|19.01
NNE|2026-08-13|18.348|17.371|20.1522|46.8|1298|20.52
NNE|2026-08-14|18.723|17.5525|20.018|45.4|1335|19.66
NOW|2026-08-07|114.502|108.3025|107.3158|83.7|395|124.88
NOW|2026-08-10|116.69|109.1115|107.69|85.1|364|127.44
NOW|2026-08-11|118.382|110.246|107.7534|89.8|250|127.54
NOW|2026-08-12|119.3|111.2565|107.535|89.6|253|124.94
NOW|2026-08-13|121.018|112.4185|107.527|93.3|165|127.25
NOW|2026-08-14|122.295|113.4565|107.649|92.6|182|124
NRIX|2026-08-07|24.175|23.7195|21.1386|94.6|132|25.53
NRIX|2026-08-10|24.42|23.878|21.3028|95.4|114|25.88
NRIX|2026-08-11|24.601|24.027|21.4668|92.9|174|25.96
NRIX|2026-08-12|24.904|24.166|21.6516|93.8|151|26.63
NRIX|2026-08-13|25.265|24.372|21.868|92.8|176|27.19
NRIX|2026-08-14|25.649|24.5685|22.0994|93.7|155|27.05
NTAP|2026-08-07|181.102|173.0505|167.0022|91.1|216|189.52
NTAP|2026-08-10|183.994|174.79|168.1286|94.3|139|198.72
NTAP|2026-08-11|186.388|175.986|168.6122|94.6|133|198.47
NTAP|2026-08-12|189.27|177.9835|169.0592|94.7|130|202.05
NTAP|2026-08-13|192.371|180.2485|169.6462|95.2|119|204.99
NTAP|2026-08-14|195.229|182.4085|170.1662|95.3|116|207.08
NVCR|2026-08-07|15.833|16.1745|16.3492|56.1|1060|16.39
NVCR|2026-08-10|15.861|16.2355|16.3504|75.9|586|17.31
NVCR|2026-08-11|15.996|16.341|16.3628|78.8|517|17.66
NVCR|2026-08-12|16.235|16.419|16.3834|81.1|460|17.59
NVCR|2026-08-13|16.45|16.467|16.4146|33.6|1620|17.38
NVCR|2026-08-14|16.661|16.5185|16.4306|39.3|1484|16.95
NVEC|2026-08-07|121.014|108.093|104.7822|97.4|63|125.94
NVEC|2026-08-10|121.112|109.596|105.1321|92.1|193|118.36
NVEC|2026-08-11|121.138|110.918|105.5107|92|196|116.87
NVEC|2026-08-12|122.134|112.603|105.9361|93.8|152|122.22
NVEC|2026-08-13|122.285|114.0745|106.0144|38.7|1496|116.33
NVEC|2026-08-14|122.783|115.8215|106.239|65.9|834|121.25
NVTS|2026-08-07|11.5875|11.9153|17.4327|71.7|683|13.89
NVTS|2026-08-10|11.7635|11.9302|17.1259|65.7|836|13.17
NVTS|2026-08-11|12.1225|11.9558|16.8659|55.5|1085|13.6
NVTS|2026-08-12|12.542|11.9887|16.6473|59.6|981|13.93
NVTS|2026-08-13|12.807|12.084|16.4033|62.7|910|13.66
NVTS|2026-08-14|13.166|12.2335|16.0755|73|660|14.45
NWL|2026-08-07|5.706|5.4437|5.0649|96.8|79|6.01
NWL|2026-08-10|5.778|5.4817|5.1115|95.3|116|5.9
NWL|2026-08-11|5.867|5.5382|5.1665|95.8|104|6.15
NWL|2026-08-12|5.964|5.5883|5.2231|92.5|184|6.16
NWL|2026-08-13|6.067|5.6252|5.2813|93.8|151|6.17
NWL|2026-08-14|6.131|5.6757|5.3369|93.4|163|6.24
NXT|2026-08-07|96.913|100.396|114.5862|11.4|2136|103.26
NXT|2026-08-10|96.831|100.558|113.901|19.6|1957|102.91
NXT|2026-08-11|97.784|100.569|112.8706|15|2071|104.88
NXT|2026-08-12|98.884|100.296|112.0436|12.8|2116|103.67
NXT|2026-08-13|99.649|100.181|111.0902|13.4|2112|104.55
NXT|2026-08-14|100.809|100.0995|110.1902|11.9|2154|101.47
OKLO|2026-08-07|41.63|42.562|51.2786|43.9|1352|48.42
OKLO|2026-08-10|41.898|42.496|50.8066|24.8|1830|44.49
OKLO|2026-08-11|42.641|42.5345|50.4092|31.3|1675|47.01
OKLO|2026-08-12|43.47|42.5065|49.974|15|2063|45.13
OKLO|2026-08-13|44.006|42.744|49.4336|24.7|1837|46.45
OKLO|2026-08-14|44.561|42.9075|49.017|26.4|1800|44.38
OMER|2026-08-07|12.261|11.0735|10.4571|93.1|168|13.25
OMER|2026-08-10|12.489|11.254|10.5065|94.5|135|13.62
OMER|2026-08-11|12.721|11.409|10.5577|93.4|162|13.6
OMER|2026-08-12|12.925|11.576|10.6175|91.3|212|13.71
OMER|2026-08-13|13.467|11.9825|10.7593|97.9|53|17.35
OMER|2026-08-14|14.002|12.3575|10.8999|98.2|45|17.19
ONDS|2026-08-07|8.17|7.7252|8.747|47|1279|9.11
ONDS|2026-08-10|8.299|7.8427|8.6682|51.9|1172|9.31
ONDS|2026-08-11|8.487|7.9617|8.5986|63.4|893|9.74
ONDS|2026-08-12|8.784|8.0977|8.5248|66.8|807|9.77
ONDS|2026-08-13|8.917|8.2108|8.4314|40.5|1451|8.91
ONDS|2026-08-14|9.092|8.3465|8.384|56.2|1071|9.24
ONTO|2026-08-07|264.072|278.3585|294.5434|89|267|308.3
ONTO|2026-08-10|266.974|277.7155|295.1942|70.8|710|291.35
ONTO|2026-08-11|274.764|277.739|296.4252|83.4|404|319.79
ONTO|2026-08-12|286.668|279.37|298.058|89|268|337.35
ONTO|2026-08-13|295.398|282.1805|299.254|84.2|387|337.82
ONTO|2026-08-14|302.711|284.7735|300.2886|80|490|331.71
OUST|2026-08-07|39.931|38.874|42.638|89.9|244|43.4
OUST|2026-08-10|40.63|38.979|42.634|86.2|336|42.13
OUST|2026-08-11|41.752|39.137|42.6156|90.1|243|45.13
OUST|2026-08-12|43.234|39.5455|42.6394|92.9|174|46.12
OUST|2026-08-13|44.194|40.045|42.6214|89.7|252|45.13
OUST|2026-08-14|45.164|40.6285|42.7164|96.9|77|48.71
PACS|2026-08-07|46.357|45.7785|41.6176|86.7|322|48.44
PACS|2026-08-10|46.494|46.0375|41.8266|89.8|250|48.45
PACS|2026-08-11|46.293|46.0375|41.9926|72.4|674|44.95
PACS|2026-08-12|46.193|46.061|42.1912|73.6|642|45.47
PACS|2026-08-13|45.993|46.029|42.3528|70.5|719|44.99
PACS|2026-08-14|45.836|45.9445|42.5116|59.1|1000|44.44
PCT|2026-08-07|6.598|6.4655|8.2649|66.1|819|7.21
PCT|2026-08-10|6.725|6.493|8.1525|66.1|826|7.25
PCT|2026-08-11|6.873|6.5375|8.0577|67.4|795|7.65
PCT|2026-08-12|6.998|6.5435|7.9565|60.7|955|7.17
PCT|2026-08-13|7.063|6.5888|7.8396|62.7|911|7
PCT|2026-08-14|7.121|6.634|7.706|56.9|1055|6.95
PD|2026-08-07|10.818|10.3985|9.7358|94.3|139|11.69
PD|2026-08-10|11.03|10.4505|9.8246|94.9|125|11.88
PD|2026-08-11|11.186|10.4945|9.863|97.2|70|11.87
PD|2026-08-12|11.246|10.525|9.8764|96.2|94|11.36
PD|2026-08-13|11.418|10.597|9.9154|97.8|54|12.09
PD|2026-08-14|11.55|10.677|9.9674|97.1|72|11.9
PENG|2026-08-07|52.923|58.313|62.8972|45.3|1320|58.43
PENG|2026-08-10|53.192|57.2115|62.9194|57.5|1035|55.18
PENG|2026-08-11|54.112|56.188|62.9494|49.6|1229|57.33
PENG|2026-08-12|55.615|55.482|62.9298|54.3|1110|58.73
PENG|2026-08-13|56.562|55.2285|62.7348|61.3|944|60.9
PENG|2026-08-14|57.679|55.398|62.5826|81.9|444|63.8
PGY|2026-08-07|19.5325|18.3682|16.9425|98|48|21.28
PGY|2026-08-10|19.9965|18.5688|17.0953|97.7|57|21.6
PGY|2026-08-11|20.4555|18.7153|17.2169|96.6|84|21.2
PGY|2026-08-12|20.8675|18.8328|17.3103|95.7|106|20.31
PGY|2026-08-13|21.2495|19.0312|17.4337|96.8|79|21.46
PGY|2026-08-14|21.4785|19.2518|17.5857|97.5|62|21.56
PLTR|2026-08-07|139.805|135.038|132.6006|89.6|251|172.01
PLTR|2026-08-10|144.175|137.2975|133.2384|90.4|234|175.23
PLTR|2026-08-11|149.316|139.3585|133.6064|89.9|247|174.94
PLTR|2026-08-12|154.12|141.2225|133.8142|91.8|199|171.04
PLTR|2026-08-13|159.795|143.451|134.351|95|122|179.01
PLTR|2026-08-14|164.893|145.534|134.9878|94.7|131|174.04
POET|2026-08-07|7.595|7.7035|9.8581|71|700|8.91
POET|2026-08-10|7.742|7.7315|9.7641|65|853|8.56
POET|2026-08-11|7.925|7.7205|9.6901|47.9|1269|8.59
POET|2026-08-12|8.175|7.7505|9.5897|66|825|8.87
POET|2026-08-13|8.338|7.8125|9.4915|68.1|779|8.91
POET|2026-08-14|8.597|7.922|9.3755|72.8|665|9.58
PONY|2026-08-07|7.825|7.379|7.8074|43.6|1360|8.15
PONY|2026-08-10|7.933|7.4675|7.7774|49.9|1220|8.46
PONY|2026-08-11|8.022|7.5435|7.7462|54.5|1110|8.47
PONY|2026-08-12|8.076|7.596|7.6944|47.8|1268|8.2
PONY|2026-08-13|8.115|7.6635|7.6444|46.6|1302|8.33
PONY|2026-08-14|8.142|7.7375|7.5998|44.2|1364|8.14
POWI|2026-08-07|61.125|65.756|73.8287|16.8|2007|64.59
POWI|2026-08-10|60.981|65.3825|73.3267|14.4|2084|61.97
POWI|2026-08-11|61.388|65.008|72.9121|15.4|2062|63.27
POWI|2026-08-12|62.115|64.649|72.5507|16.1|2035|63.84
POWI|2026-08-13|62.259|64.2725|72.1131|12.9|2124|62.31
POWI|2026-08-14|62.463|63.8875|71.6683|21.5|1919|62.75
PPTA|2026-08-07|20.044|19.0285|21.342|64.7|852|24.72
PPTA|2026-08-10|20.709|19.34|21.3068|65.1|850|24.89
PPTA|2026-08-11|21.513|19.662|21.274|70.1|730|25.43
PPTA|2026-08-12|22.314|19.996|21.2646|72.2|675|25.27
PPTA|2026-08-13|22.898|20.375|21.236|61.3|945|24.75
PPTA|2026-08-14|23.581|20.792|21.2454|62.2|925|25.24
PRG|2026-08-07|44.192|44.745|41.8728|59.3|983|42.85
PRG|2026-08-10|44.083|44.6235|41.9726|59.5|986|42.2
PRG|2026-08-11|43.737|44.444|42.0696|56.4|1062|41.62
PRG|2026-08-12|43.582|44.18|42.1554|52.5|1154|41.23
PRG|2026-08-13|43.564|43.9425|42.2914|65|855|42.78
PRG|2026-08-14|43.424|43.7525|42.461|59|1003|42.62
PRGO|2026-08-07|11.14|10.761|10.644|86.1|336|12.84
PRGO|2026-08-10|11.39|10.8845|10.668|80.6|472|12.64
PRGO|2026-08-11|11.645|11.032|10.704|86.4|333|12.85
PRGO|2026-08-12|11.871|11.159|10.7426|82.7|421|12.69
PRGO|2026-08-13|12.123|11.2425|10.79|87.1|315|12.83
PRGO|2026-08-14|12.416|11.3585|10.8416|87.9|297|13.04
PSIX|2026-08-07|30.925|31.2875|35.6324|58.8|994|40.82
PSIX|2026-08-10|32.219|31.8285|35.6526|60|975|43
PSIX|2026-08-11|33.644|32.3045|35.662|59.8|981|42.15
PSIX|2026-08-12|35.353|32.758|35.725|60.6|957|42.53
PSIX|2026-08-13|36.677|33.2235|35.7346|50.9|1198|41.07
PSIX|2026-08-14|37.97|33.738|35.737|49.7|1231|40.54
PSNL|2026-08-07|12.796|13.402|12.3508|67.5|784|14.16
PSNL|2026-08-10|13.048|13.375|12.4212|92.2|191|14.5
PSNL|2026-08-11|13.262|13.3245|12.4736|88.7|276|14.02
PSNL|2026-08-12|13.51|13.2455|12.5326|94.5|135|14.21
PSNL|2026-08-13|13.724|13.1875|12.5982|95.3|116|14.42
PSNL|2026-08-14|13.862|13.12|12.6634|95.9|101|14.04
PWR|2026-08-07|649.101|645.079|676.4842|52.7|1142|671.86
PWR|2026-08-10|653.159|645.787|675.0994|47.9|1268|660.86
PWR|2026-08-11|661.381|646.269|674.2764|52.6|1156|670.58
PWR|2026-08-12|673.069|647.728|674.0872|59.3|988|678.02
PWR|2026-08-13|674.549|649.816|673.4216|45.2|1336|672.78
PWR|2026-08-14|676.391|652.6785|672.8238|57.7|1035|685.78
QBTS|2026-08-07|19.275|18.373|21.9866|74|627|20.76
QBTS|2026-08-10|19.343|18.4495|21.8006|71.3|699|20.19
QBTS|2026-08-11|19.6025|18.5135|21.6024|69.2|752|20.23
QBTS|2026-08-12|20.0585|18.637|21.4336|71.4|695|20.74
QBTS|2026-08-13|20.3505|18.836|21.2534|73.9|638|20.9
QBTS|2026-08-14|20.6595|19.058|21.1258|77.6|549|21.17
QDEL|2026-08-07|16.473|16.8225|15.6381|1.2|2381|12.285
QDEL|2026-08-10|16.165|16.6155|15.6517|4.6|2322|13.75
QDEL|2026-08-11|15.897|16.432|15.6711|9.6|2203|13.99
QDEL|2026-08-12|15.73|16.262|15.7023|21.3|1910|14.83
QDEL|2026-08-13|15.582|16.1045|15.7383|26.7|1788|15.09
QDEL|2026-08-14|15.335|15.9505|15.7523|15.6|2063|14.3
QFIN|2026-08-07|13.55|13.2435|14.4326|28.7|1720|13.24
QFIN|2026-08-10|13.497|13.255|14.3858|17.9|1998|13.03
QFIN|2026-08-11|13.414|13.2815|14.3202|14.2|2091|12.8
QFIN|2026-08-12|13.295|13.265|14.2334|8.6|2217|12.57
QFIN|2026-08-13|13.159|13.247|14.152|6.8|2273|12.49
QFIN|2026-08-14|12.998|13.224|14.0934|5.1|2320|12.27
QNST|2026-08-07|16.162|16.3855|14.6894|98.6|34|21.08
QNST|2026-08-10|16.81|16.606|14.8812|98.5|38|22.02
QNST|2026-08-11|17.306|16.765|15.0488|98.3|42|20.9
QNST|2026-08-12|17.772|16.927|15.2124|98.4|39|20.79
QNST|2026-08-13|18.296|17.0985|15.3844|98.1|48|20.74
QNST|2026-08-14|18.796|17.2845|15.5666|97.9|53|20.5
QUBT|2026-08-07|8.3905|8.1522|9.3405|71.2|695|9.18
QUBT|2026-08-10|8.4875|8.1988|9.2743|62.5|914|8.93
QUBT|2026-08-11|8.6105|8.2302|9.2141|63.3|895|8.95
QUBT|2026-08-12|8.7725|8.2743|9.1447|64.5|862|8.92
QUBT|2026-08-13|8.8625|8.3382|9.0781|65.4|844|8.92
QUBT|2026-08-14|8.9535|8.3987|9.0343|69.9|736|9.01
QURE|2026-08-07|42.452|41.316|38.7134|97.8|55|46.42
QURE|2026-08-10|43.237|41.564|39.1376|97.4|65|46.06
QURE|2026-08-11|44.071|41.738|39.467|95.4|114|45
QURE|2026-08-12|44.577|41.9445|39.8052|94.3|140|45.13
QURE|2026-08-13|45.064|42.3295|40.2112|96.7|82|47.06
QURE|2026-08-14|45.563|42.748|40.586|98|51|48.62
RAMP|2026-08-07|37.815|37.8135|37.678|49.2|1226|37.81
RAMP|2026-08-10|37.808|37.81|37.6812|50.8|1197|37.75
RAMP|2026-08-11|37.809|37.801|37.6852|52.2|1166|37.76
RAMP|2026-08-12|37.816|37.8035|37.6898|51.9|1168|37.81
RAMP|2026-08-13|37.829|37.799|37.6966|53.7|1130|37.92
RAMP|2026-08-14|37.827|37.7975|37.7056|52.8|1155|37.85
RCAT|2026-08-07|8.058|8.0575|10.0236|32|1641|9.21
RCAT|2026-08-10|8.279|8.1385|9.9406|37.5|1522|10
RCAT|2026-08-11|8.6|8.232|9.8638|45.1|1338|10.66
RCAT|2026-08-12|8.955|8.336|9.7734|45.1|1333|10.32
RCAT|2026-08-13|9.24|8.464|9.679|42|1414|10.23
RCAT|2026-08-14|9.6|8.6385|9.6258|57.2|1047|11.13
RDDT|2026-08-07|163.688|174.046|176.1368|16|2026|161.7
RDDT|2026-08-10|161.637|171.9355|175.9574|14.5|2081|158.72
RDDT|2026-08-11|159.412|169.5815|175.5612|10.8|2173|156.19
RDDT|2026-08-12|156.958|167.3525|175.0732|11.3|2152|153.45
RDDT|2026-08-13|154.966|165.9955|174.853|19.4|1966|158.12
RDDT|2026-08-14|158.708|165.841|175.025|72.4|675|178.09
RDW|2026-08-07|9.868|9.4625|12.7254|73.5|640|13.59
RDW|2026-08-10|10.297|9.639|12.4698|72.4|673|13.12
RDW|2026-08-11|10.791|9.8275|12.2486|76|585|13.51
RDW|2026-08-12|11.362|10.034|12.1048|76.6|569|13.49
RDW|2026-08-13|11.835|10.2715|11.9572|74.7|618|13.2
RDW|2026-08-14|12.331|10.528|11.8564|78.9|516|13.58
REPL|2026-08-07|10.087|10.1907|9.9619|94.2|141|12.06
REPL|2026-08-10|10.484|10.3247|10.1413|98|50|13.67
REPL|2026-08-11|10.986|10.5105|10.3207|97.5|63|13.65
REPL|2026-08-12|11.975|10.779|10.4517|99.6|11|15.24
REPL|2026-08-13|12.953|11.0545|10.5755|99.5|14|15.19
REPL|2026-08-14|13.33|11.327|10.6975|99.7|9|14.97
RGTI|2026-08-07|15.791|15.33|18.5474|69|749|17.94
RGTI|2026-08-10|15.992|15.4445|18.3598|66.4|819|17.65
RGTI|2026-08-11|16.349|15.5435|18.2108|70.8|712|18.09
RGTI|2026-08-12|16.869|15.702|18.0666|70.6|713|18.42
RGTI|2026-08-13|17.245|15.928|17.9014|72.1|682|18.62
RGTI|2026-08-14|17.632|16.1635|17.7959|73.1|658|18.82
RIOT|2026-08-07|20.995|20.9335|23.9378|68.8|754|20.52
RIOT|2026-08-10|20.738|20.894|23.771|32.6|1641|19.4
RIOT|2026-08-11|20.638|20.8965|23.6336|29|1731|20.24
RIOT|2026-08-12|20.846|20.9075|23.475|19.1|1964|20.32
RIOT|2026-08-13|20.555|20.927|23.3128|11|2171|19.21
RIOT|2026-08-14|20.4395|20.9648|23.1401|10.5|2188|19.015
RLAY|2026-08-07|19.111|19.1495|17.5803|78.6|517|19.77
RLAY|2026-08-10|19.241|19.21|17.7011|86.4|331|19.94
RLAY|2026-08-11|19.411|19.2555|17.8199|0|362|19.99
RLAY|2026-08-12|19.581|19.2835|17.9361|0|396|20.07
RLAY|2026-08-13|19.629|19.3115|18.0207|0|469|19.93
RLAY|2026-08-14|19.732|19.309|18.1119|0|373|19.86
ROCK|2026-08-07|47.105|45.3712|42.682|92.2|190|50.23
ROCK|2026-08-10|47.4|45.7497|42.8746|87.3|311|48.86
ROCK|2026-08-11|47.704|46.1582|43.097|89|269|49.77
ROCK|2026-08-12|48.304|46.403|43.3242|84.2|385|49.1
ROCK|2026-08-13|48.91|46.605|43.5422|82.1|438|48.93
ROCK|2026-08-14|49.472|46.84|43.7472|75.7|595|47.88
RPD|2026-08-07|10.152|10.7275|9.1759|73.7|635|11.57
RPD|2026-08-10|10.351|10.712|9.2593|77.5|549|11.61
RPD|2026-08-11|10.728|10.7325|9.3593|99|26|13.38
RPD|2026-08-12|11.016|10.7335|9.4299|98.3|43|12.27
RPD|2026-08-13|11.446|10.814|9.5369|99.6|11|13.78
RPD|2026-08-14|11.781|10.854|9.6436|99.3|18|13
RUM|2026-08-07|6.0865|6.0103|6.7417|58|1013|6.385
RUM|2026-08-10|6.1035|6.0243|6.6767|48.9|1244|6.21
RUM|2026-08-11|6.1925|6.0708|6.6313|68.4|771|6.92
RUM|2026-08-12|6.3815|6.1437|6.5909|86.1|339|7.55
RUM|2026-08-13|6.5455|6.2348|6.5623|81.3|457|7.54
RUM|2026-08-14|6.7075|6.3197|6.5449|86|344|7.46
SAIC|2026-08-07|120.154|117.519|113.3844|77.1|554|126.54
SAIC|2026-08-10|120.852|118.1265|113.8196|79.1|510|125.46
SAIC|2026-08-11|121.232|118.7|114.2434|79.1|511|125.39
SAIC|2026-08-12|122.162|119.2515|114.468|77.4|550|126.31
SAIC|2026-08-13|123.256|119.8395|114.734|78.2|533|126.66
SAIC|2026-08-14|124.211|120.398|114.973|78.2|534|126.68
SE|2026-08-07|109.508|107.6495|99.022|89.1|263|113.43
SE|2026-08-10|110.549|107.8565|99.4792|88.5|281|114.8
SE|2026-08-11|112.959|108.9675|100.2988|97.1|72|131.51
SE|2026-08-12|114.933|109.805|100.956|96|99|128.11
SE|2026-08-13|116.641|110.66|101.5596|94.1|146|123.32
SE|2026-08-14|118.161|111.5545|102.2092|93.6|158|121.94
SEDG|2026-08-07|39.737|44.9955|53.947|0.7|2394|31.76
SEDG|2026-08-10|38.649|43.9995|53.1274|1.2|2403|32.21
SEDG|2026-08-11|37.973|42.889|52.2666|1.2|2407|33.31
SEDG|2026-08-12|37.271|41.761|51.391|1|2401|32.02
SEDG|2026-08-13|36.313|40.753|50.4644|1.2|2409|32.18
SEDG|2026-08-14|35.435|39.7005|49.6324|1.2|2415|32.42
SG|2026-08-07|6.089|6.4025|7.7096|3.8|2319|5.4
SG|2026-08-10|6.017|6.2615|7.6144|3.5|2348|5.45
SG|2026-08-11|5.92|6.1765|7.523|3.2|2358|5.39
SG|2026-08-12|5.866|6.1315|7.448|8|2232|5.82
SG|2026-08-13|5.817|6.1235|7.3996|20.2|1946|6.06
SG|2026-08-14|5.8|6.0835|7.3714|23|1882|6.28
SHAZ|2026-08-07|50.774|59.3013|69.7267|21.4|1895|49.79
SHAZ|2026-08-10|50.165|58.5232|69.2843|27.6|1762|52.7
SHAZ|2026-08-11|51.325|57.7893|68.8993|27.6|1765|56.58
SHAZ|2026-08-12|54.162|57.6808|68.6775|61.3|940|68.46
SHAZ|2026-08-13|56.487|58.0018|68.4303|63.5|891|72.02
SHAZ|2026-08-14|59.3085|58.643|68.3578|93|173|76.465
SIMO|2026-08-07|247.446|264.2498|285.1925|46.3|1296|256.12
SIMO|2026-08-10|246.062|260.8048|284.1559|31|1679|230.61
SIMO|2026-08-11|246.32|256.5842|283.0985|26.4|1794|224
SIMO|2026-08-12|249.483|253.9798|282.5637|33.1|1624|241.31
SIMO|2026-08-13|248.885|252.8133|281.5207|29.5|1719|249.12
SIMO|2026-08-14|250.415|253.042|280.7673|48.9|1250|268.9
SITM|2026-08-07|562.828|572.6735|638.7238|95.4|113|725.28
SITM|2026-08-10|579.557|577.044|637.9328|87|317|689.96
SITM|2026-08-11|597.157|579.2075|637.0708|80.3|481|667.1
SITM|2026-08-12|618.993|582.6145|637.381|80.4|477|680.52
SITM|2026-08-13|634.999|588.7815|637.118|77.1|560|687.93
SITM|2026-08-14|652.67|596.6285|637.1012|81.8|446|711.91
SKM|2026-08-07|33.088|32.8295|34.8582|53.9|1112|34.26
SKM|2026-08-10|32.893|32.918|34.788|38.1|1507|33.29
SKM|2026-08-11|33.187|33.0325|34.7146|31.7|1665|33.67
SKM|2026-08-12|33.728|33.172|34.527|30.3|1692|35.05
SKM|2026-08-13|34.22|33.4195|34.3412|35.4|1576|36.71
SKM|2026-08-14|34.908|33.814|34.2106|50.8|1204|38.51
SLS|2026-08-07|10.9925|11.739|10.8242|69.6|734|12.01
SLS|2026-08-10|11.013|11.66|10.8614|67.1|802|11.04
SLS|2026-08-11|11.109|11.543|10.8962|66.9|807|11.05
SLS|2026-08-12|11.276|11.492|10.9502|77.3|552|11.77
SLS|2026-08-13|11.483|11.5225|11.0308|80.7|472|12.36
SLS|2026-08-14|11.76|11.502|11.1226|93.8|152|12.78
SMCI|2026-08-07|29.125|28.175|31.8558|70.6|710|31.13
SMCI|2026-08-10|29.29|28.365|31.659|72.9|661|31.46
SMCI|2026-08-11|29.605|28.5625|31.3692|71|708|31.6
SMCI|2026-08-12|30.796|29.0985|31.1838|94.4|138|37.61
SMCI|2026-08-13|31.939|29.8225|30.9636|93.1|170|39.16
SMCI|2026-08-14|33.083|30.6055|30.812|95.7|106|39.84
SNOW|2026-08-07|300.719|285.4815|262.2006|98.1|47|330.49
SNOW|2026-08-10|306.897|288.784|264.1106|97.7|58|334.7
SNOW|2026-08-11|313.275|291.694|265.6824|97.7|58|334.14
SNOW|2026-08-12|318.211|294.7135|266.7244|97.3|67|332.26
SNOW|2026-08-13|322.139|298.0815|268.2492|97.5|63|337.38
SNOW|2026-08-14|325.703|301.0825|270.002|96.8|80|328.92
SNX|2026-08-07|254.088|250.642|261.3328|53.1|1131|252.42
SNX|2026-08-10|254.973|250.7635|261.4832|57.2|1043|253.74
SNX|2026-08-11|255.655|250.8155|261.3376|46.9|1294|254
SNX|2026-08-12|256.308|251.072|261.0318|44|1360|255.21
SNX|2026-08-13|256.554|251.6215|260.5368|45.5|1330|254.58
SNX|2026-08-14|256.858|252.4275|260.1266|55|1101|258.74
SOUN|2026-08-07|6.476|6.4362|6.8707|81|460|8.02
SOUN|2026-08-10|6.581|6.4848|6.8487|64.8|857|7.46
SOUN|2026-08-11|6.698|6.5207|6.8169|67.8|786|7.41
SOUN|2026-08-12|6.868|6.5657|6.7799|72.2|676|7.4
SOUN|2026-08-13|7.002|6.6242|6.7531|76.9|564|7.48
SOUN|2026-08-14|7.132|6.6823|6.7401|79|515|7.43
STAA|2026-08-07|23.671|24.8135|27.2358|14.1|2072|24.21
STAA|2026-08-10|23.888|24.6805|27.1566|43.4|1378|25.12
STAA|2026-08-11|24.116|24.5605|27.0576|37.9|1514|24.94
STAA|2026-08-12|24.27|24.406|26.9748|41.8|1413|25.41
STAA|2026-08-13|24.381|24.2235|26.9116|27|1780|25.33
STAA|2026-08-14|24.563|24.2105|26.87|41.8|1422|26.18
STC|2026-08-07|68.422|68.834|67.2518|26.2|1780|68.19
STC|2026-08-10|68.358|68.648|67.2436|21|1923|65.7
STC|2026-08-11|67.956|68.478|67.2536|19.1|1972|65.48
STC|2026-08-12|67.492|68.3265|67.2872|17.2|2009|65.6
STC|2026-08-13|67.444|68.0995|67.36|49.4|1235|67.69
STC|2026-08-14|67.505|67.9095|67.4716|39.3|1485|68.2
STDN|2026-08-10|8.277|||97.6|60|11.45
STDN|2026-08-11|8.731|||99.3|18|12.08
STDN|2026-08-12|9.146|9.0695||92.7|177|11.48
STDN|2026-08-13|9.595|9.059||98.4|41|12.09
STDN|2026-08-14|10.137|9.2045||99.8|6|13.31
STUB|2026-08-07|8.783|9.0505|10.3966|36.2|1539|8.95
STUB|2026-08-10|8.82|8.9745|10.3762|30.5|1691|8.78
STUB|2026-08-11|8.785|8.8505|10.3428|18.4|1989|8.19
STUB|2026-08-12|8.786|8.8045|10.312|34.6|1588|8.54
STUB|2026-08-13|8.702|8.707|10.2696|17.4|2014|7.68
STUB|2026-08-14|8.666|8.6485|10.2424|26|1809|8.08
SYRE|2026-08-07|101.025|100.0335|90.5804|90|243|104.91
SYRE|2026-08-10|101.554|100.6135|91.2448|92|196|105.33
SYRE|2026-08-11|101.832|100.803|91.8296|80.6|474|102.74
SYRE|2026-08-12|102.454|100.904|92.5006|86.9|319|104.09
SYRE|2026-08-13|102.489|101.2905|93.1544|79.6|498|101.85
SYRE|2026-08-14|103.019|101.4605|93.7566|79.8|495|103.63
TE|2026-08-07|4.845|5.456|7.6362|36.3|1537|5.85
TE|2026-08-10|4.886|5.394|7.526|17.2|2015|5.31
TE|2026-08-11|5.018|5.3255|7.4242|21.4|1916|5.47
TE|2026-08-14|5.282|5.1435|7.0412|22.3|1900|5.11
TEAM|2026-08-07|108.5845|99.3982|93.7011|99.5|14|149.07
TEAM|2026-08-10|114.1845|102.1838|94.8727|99.4|16|151.87
TEAM|2026-08-11|119.5945|105.4338|95.8021|99.8|7|154.08
TEAM|2026-08-12|124.6905|108.6072|96.5879|99.8|7|155.24
TEAM|2026-08-13|131.4765|112.2882|97.7255|99.8|7|165.98
TEAM|2026-08-14|137.597|115.7348|98.9393|99.8|7|162.22
TER|2026-08-07|363.096|355.6503|382.4803|77.9|534|379.31
TER|2026-08-10|366.129|356.8497|382.1293|55.4|1086|365.1
TER|2026-08-11|372.02|358.1662|382.2343|50.4|1208|379.56
TER|2026-08-12|380.353|361.1972|382.8997|73.7|639|402.74
TER|2026-08-13|384.856|365.6082|383.2577|69.1|755|410.52
TER|2026-08-14|389.966|370.43|383.4401|73.8|642|418.79
TEVA|2026-08-07|34.166|32.798|33.341|65.7|828|35.36
TEVA|2026-08-10|34.672|32.996|33.3734|79.9|490|36.14
TEVA|2026-08-11|35.153|33.229|33.3966|78.8|518|36.48
TEVA|2026-08-12|35.356|33.488|33.4386|81.4|453|36.74
TEVA|2026-08-13|35.467|33.703|33.5074|76.2|581|36.52
TEVA|2026-08-14|35.643|33.94|33.5862|79.2|510|36.77
TH|2026-08-07|15.499|16.087|17.4924|44.9|1329|16.51
TH|2026-08-10|15.496|16.0535|17.4694|30.6|1690|16.07
TH|2026-08-11|15.68|16.0185|17.4546|43|1390|16.62
TH|2026-08-12|15.858|15.973|17.434|24.5|1831|16.14
TH|2026-08-13|16.035|15.943|17.4204|25.2|1825|16.27
TH|2026-08-14|16.259|15.997|17.428|55.6|1086|17.44
THC|2026-08-07|255.495|226.917|199.6304|97.6|60|262.13
THC|2026-08-10|257.152|230.173|201.365|96.9|77|259.93
THC|2026-08-11|256.834|233.961|203.0476|96|99|259.45
THC|2026-08-12|257.751|237.6835|204.9816|96.3|90|266.79
THC|2026-08-13|259.183|241.076|207.0506|94.7|130|267.05
THC|2026-08-14|260.495|244.7255|209.1118|90.4|236|267.9
TNDM|2026-08-07|19.31|18.0085|17.0408|87.8|296|22.38
TNDM|2026-08-10|19.874|18.3365|17.1626|89.2|264|22.81
TNDM|2026-08-11|20.442|18.7315|17.2874|93.8|153|23.44
TNDM|2026-08-12|20.927|19.1395|17.3738|92.8|176|23.44
TNDM|2026-08-13|21.339|19.4815|17.4644|90.5|233|23.13
TNDM|2026-08-14|21.661|19.7635|17.5582|89.6|256|22.72
TRUP|2026-08-10|25.849|25.6115|24.7272|78.9|515|29.06
TRUP|2026-08-11|26.35|25.846|24.901|89|270|30.51
TRUP|2026-08-12|26.797|26.0885|25.0622|88.3|285|30.32
TRUP|2026-08-13|27.449|26.321|25.2396|90.2|241|31
TRUP|2026-08-14|28.06|26.516|25.4224|90.5|234|30.6
TSAT|2026-08-07|44.306|41.192|44.4594|97.4|64|58.92
TSAT|2026-08-10|46.205|42.144|44.424|95.2|117|56.74
TSAT|2026-08-11|48.454|43.1675|44.5294|96.1|96|59.48
TSAT|2026-08-12|51.153|44.3415|44.7632|96.7|82|61.4
TSAT|2026-08-13|52.671|45.099|44.8128|80.6|474|52.62
TSAT|2026-08-14|54.009|45.812|44.8898|82.9|419|50.64
TSEM|2026-08-07|220.805|231.884|245.3358|72.2|672|252.49
TSEM|2026-08-10|223.639|233.0275|244.8768|75.9|587|252.55
TSEM|2026-08-11|228.298|232.732|244.7638|60.2|971|249.58
TSEM|2026-08-12|235.545|233.1975|244.9194|71|705|260.31
TSEM|2026-08-13|239.724|233.949|244.4842|36|1561|252.95
TSEM|2026-08-14|244.305|235.518|244.4356|75.3|605|265.48
TTAN|2026-08-07|82.799|79.0075|74.3547|84.3|380|85.83
TTAN|2026-08-10|83.996|79.3345|74.7767|85.4|357|86.89
TTAN|2026-08-11|84.996|79.7495|75.0973|93|172|88.39
TTAN|2026-08-12|85.774|80.432|75.3837|95.2|118|92
TTAN|2026-08-13|87.157|81.342|75.7575|96.6|85|93.7
TTAN|2026-08-14|87.891|82.062|76.1129|95.9|102|90.4
TWLO|2026-08-07|198.368|200.3065|203.279|87.4|305|241.28
TWLO|2026-08-10|203.927|201.8975|204.5882|94.3|140|250.06
TWLO|2026-08-11|210.089|203.8035|205.8944|96.7|82|255.95
TWLO|2026-08-12|215.926|205.5575|206.276|94.9|125|246.62
TWLO|2026-08-13|221.774|207.6935|206.6784|94.9|126|249.42
TWLO|2026-08-14|225.859|209.2645|206.8972|92.9|174|238.2
U|2026-08-07|34.724|32.3315|30.2076|99.1|23|43
U|2026-08-10|35.99|32.9525|30.4708|99.2|21|43.1
U|2026-08-11|37.194|33.5585|30.7388|99.4|16|43.87
U|2026-08-12|38.443|34.2215|30.986|99.5|14|44.53
U|2026-08-13|39.688|35.0015|31.2864|99.4|16|45.79
U|2026-08-14|41.142|35.8645|31.627|99.5|14|46.25
UMAC|2026-08-07|22.527|20.536|22.6914|85.1|361|26.11
UMAC|2026-08-10|23.181|21.032|22.6422|90.4|235|27.14
UMAC|2026-08-11|23.786|21.3965|22.526|91.7|204|25.97
UMAC|2026-08-12|24.763|21.822|22.489|95.5|111|27.03
UMAC|2026-08-13|25.436|22.352|22.3654|87.7|301|27.24
UMAC|2026-08-14|26.726|23.2085|22.4694|99.3|19|34.06
UUUU|2026-08-07|12.142|12.162|14.0662|40.8|1428|14.14
UUUU|2026-08-10|12.4|12.224|13.9832|41.6|1422|14.29
UUUU|2026-08-11|12.745|12.3015|13.9144|53.3|1139|14.78
UUUU|2026-08-12|13.118|12.3915|13.8514|51.2|1185|14.47
UUUU|2026-08-13|13.405|12.537|13.7522|44.8|1347|14.58
UUUU|2026-08-14|13.771|12.7175|13.6942|53.6|1135|15.1
VELO|2026-08-07|11.3145|11.087|16.446|67.3|790|14.16
VELO|2026-08-10|11.5845|11.1315|16.1908|69.6|741|12.95
VELO|2026-08-11|12.0095|11.1765|15.9844|69.8|737|13.69
VELO|2026-08-12|12.6755|11.371|15.8562|73.2|652|15.1
VELO|2026-08-13|13.243|11.6227|15.7212|72.9|662|15.38
VELO|2026-08-14|13.846|11.9013|15.6522|76.7|571|16.16
VERA|2026-08-07|32.36|35.5183|36.4795|5.9|2270|32.89
VERA|2026-08-10|32|35.0222|36.3939|5.3|2304|31.58
VERA|2026-08-11|31.697|34.3803|36.2893|4.2|2334|30.29
VERA|2026-08-12|31.445|33.7548|36.2103|4|2330|29.99
VERA|2026-08-13|31.029|33.2433|36.1629|1.9|2392|28.89
VERA|2026-08-14|30.982|32.8997|36.1701|4.3|2340|31.63
VG|2026-08-07|12.985|13.423|12.493|15.5|2038|13.26
VG|2026-08-10|13.129|13.468|12.5274|31.3|1672|14.26
VG|2026-08-11|13.234|13.4675|12.551|16.1|2045|13.22
VG|2026-08-12|13.301|13.508|12.5718|15.8|2044|13.72
VG|2026-08-13|13.331|13.5515|12.5952|23.1|1875|13.54
VG|2026-08-14|13.392|13.561|12.6246|36.4|1555|13.99
VIK|2026-08-07|105.337|101.9725|98.589|86.1|337|105.79
VIK|2026-08-10|105.403|102.253|98.8182|82.9|418|103.8
VIK|2026-08-11|105.104|102.448|99.007|73.7|642|101.55
VIK|2026-08-12|105.257|102.748|99.254|76.2|578|104.19
VIK|2026-08-13|105.423|103.15|99.5856|77.7|545|106.11
VIK|2026-08-14|104.787|103.1975|99.7726|47.9|1275|97.99
VNET|2026-08-07|7.064|7.3643|8.2393|9.5|2183|7.33
VNET|2026-08-10|7.095|7.3522|8.1765|9.8|2195|7.48
VNET|2026-08-11|7.171|7.3403|8.1251|10.5|2181|7.51
VNET|2026-08-12|7.2845|7.3175|8.0616|7.7|2240|7.425
VNET|2026-08-13|7.2975|7.304|7.995|6.7|2275|7.45
VNET|2026-08-14|7.3405|7.3145|7.9404|20.8|1937|7.6
VOYG|2026-08-07|29.941|28.3145|34.339|86|339|41.85
VOYG|2026-08-10|31.616|28.9815|34.1636|86.5|330|43
VOYG|2026-08-11|33.341|29.6375|34.031|91.2|216|42.9
VOYG|2026-08-12|35.379|30.4575|33.9412|86.8|322|43
VOYG|2026-08-13|37.41|31.42|33.8278|80.2|484|44.28
VOYG|2026-08-14|39.255|32.274|33.7882|87.1|317|42.98
VPG|2026-08-07|85.822|96.352|116.2262|17.4|1992|68.59
VPG|2026-08-10|82.079|94.3125|115.0188|16.3|2036|64.88
VPG|2026-08-11|79.605|92.126|113.8554|16.7|2030|67.14
VPG|2026-08-12|78.492|90.2545|112.7332|18|1990|70.13
VPG|2026-08-13|76.513|88.628|111.4372|16.8|2029|68.13
VPG|2026-08-14|74.58|87.0695|110.293|17.1|2027|72.72
VSNT|2026-08-07|36.783|36.2905|37.7561|40.2|1443|38.67
VSNT|2026-08-10|36.871|36.3455|37.6247|21.8|1904|36.76
VSNT|2026-08-11|36.823|36.4435|37.4971|21.6|1911|36.76
VSNT|2026-08-12|36.915|36.5355|37.4023|33|1626|37.87
VSNT|2026-08-13|37.217|36.6635|37.3503|45|1341|38.91
VSNT|2026-08-14|37.583|36.851|37.3391|47.7|1279|39.65
VSTS|2026-08-07|14.511|15.12|14.138|46.6|1289|14.21
VSTS|2026-08-10|14.363|15.0765|14.1594|49.8|1223|13.87
VSTS|2026-08-11|14.215|15.0255|14.1786|47.9|1270|13.88
VSTS|2026-08-12|14.139|14.958|14.204|48.5|1251|14.16
VSTS|2026-08-13|14.032|14.813|14.2184|38.4|1503|13.52
VSTS|2026-08-14|13.919|14.6545|14.222|36.9|1543|13.33
WDFC|2026-08-07|230.441|236.794|230.9332|42|1400|234.93
WDFC|2026-08-10|230.537|235.948|231.5896|46.3|1308|234.51
WDFC|2026-08-11|230.914|235.1475|232.2524|42.5|1402|233.11
WDFC|2026-08-12|231.924|234.3025|232.9654|33.2|1622|232.5
WDFC|2026-08-13|232.158|232.9895|233.5822|30.3|1700|230.1
WDFC|2026-08-14|232.368|232.112|234.196|32.4|1653|229.24
WEN|2026-08-07|7.564|7.532|7.4014|47.6|1265|7.69
WEN|2026-08-10|7.563|7.522|7.3974|24.8|1831|7.3
WEN|2026-08-11|7.551|7.5285|7.3944|48.3|1261|7.55
WEN|2026-08-12|7.652|7.589|7.4106|88.1|290|8.66
WEN|2026-08-13|7.781|7.63|7.4394|87.8|299|8.65
WEN|2026-08-14|7.909|7.674|7.4752|89.4|261|8.64
WKC|2026-08-07|38.996|37.7765|34.0912|74.7|611|36.43
WKC|2026-08-10|38.72|37.8305|34.2626|83|415|37.03
WKC|2026-08-11|38.399|37.8525|34.4232|77|562|36.84
WKC|2026-08-12|38.068|37.8545|34.5768|75.3|601|36.94
WKC|2026-08-13|37.807|37.863|34.743|76|587|37.12
WKC|2026-08-14|37.432|37.8435|34.8812|58.4|1018|36.11
WLDN|2026-08-07|73.266|73.153|81.6606|51.2|1178|86.24
WLDN|2026-08-10|74.311|73.703|81.4628|43.5|1376|82.31
WLDN|2026-08-11|75.705|74.27|81.3252|49.7|1227|83.96
WLDN|2026-08-12|77.427|74.8765|81.1388|46.9|1289|84.93
WLDN|2026-08-13|78.864|75.3635|80.9188|45.6|1327|84.72
WLDN|2026-08-14|80.651|76.0485|80.708|56|1077|86.4
WOLF|2026-08-07|25.021|27.6885|40.2964|64.5|857|32.87
WOLF|2026-08-10|25.571|27.471|39.5814|39.2|1480|29.3
WOLF|2026-08-11|26.397|27.2625|38.9986|30.8|1687|30.14
WOLF|2026-08-12|27.562|27.093|38.5738|58.4|1011|31.71
WOLF|2026-08-13|28.334|27.1095|37.9828|65.1|852|31.51
WOLF|2026-08-14|29.151|27.2045|37.3852|72.2|681|31.79
WULF|2026-08-07|17.6115|18.4327|22.5866|12.8|2103|17.08
WULF|2026-08-10|17.4335|18.1982|22.3827|5.5|2300|16.2
WULF|2026-08-11|17.3995|18.0652|22.2065|5.5|2303|16.75
WULF|2026-08-12|17.6095|17.9563|22.0371|5.2|2301|17.19
WULF|2026-08-13|17.4585|17.8727|21.8335|2.1|2388|16.31
WULF|2026-08-14|17.4305|17.8338|21.6579|5.3|2315|17.38
WYFI|2026-08-07|24.514|26.2985|30.2483|57.9|1016|24.63
WYFI|2026-08-10|24.561|25.665|30.0771|38.7|1493|23.62
WYFI|2026-08-11|24.632|25.3195|29.9667|44.4|1356|24.22
WYFI|2026-08-12|25.432|25.2895|29.9071|81.9|441|28.58
WYFI|2026-08-13|25.629|25.4105|29.8683|79.1|511|28.22
WYFI|2026-08-14|26.211|25.629|29.8981|94.1|146|29.52
XE|2026-08-07|17.81|16.5575|19.0291|91.5|207|22.65
XE|2026-08-10|18.354|16.818|18.8901|81.2|459|20.64
XE|2026-08-11|18.832|17.08|18.7633|83.4|406|20.57
XE|2026-08-12|19.34|17.3445|18.6415|90|244|20.35
XE|2026-08-13|19.908|17.7895|18.5445|96.3|92|22.73
XE|2026-08-14|20.3745|18.1373|18.4386|93.8|153|20.975
ZBRA|2026-08-07|318.455|290.2845|264.6888|99.2|21|376.49
ZBRA|2026-08-10|329.804|295.853|267.2924|99.1|24|378.08
ZBRA|2026-08-11|339.67|302.0005|270.081|99.2|21|383.06
ZBRA|2026-08-12|349.209|308.1605|272.6492|98.9|28|378.37
ZBRA|2026-08-13|358.315|313.89|275.153|98.6|36|379.63
ZBRA|2026-08-14|366.536|319.3215|277.6876|98.4|41|376.03
