FIGS	2026-05-01	14.81	15.77	14.8	15.4	4354926
FIGS	2026-05-04	15.07	15.155	13.89	13.97	5922117
FIGS	2026-05-05	14.11	14.635	13.96	14.54	3378639
FIGS	2026-05-06	14.51	14.63	14.18	14.5	3999094
FIGS	2026-05-07	14.75	15.58	14.72	15.37	6440825
FIGS	2026-05-08	12.15	12.36	10.76	11.63	11535993
FIGS	2026-05-11	11.62	12.09	11.075	11.94	6454032
FIGS	2026-05-12	11.96	11.96	11.455	11.51	4439808
FIGS	2026-05-13	11.62	12.31	11.55	12.21	4965841
FIGS	2026-05-14	12.22	12.295	11.81	11.97	2620886
FIGS	2026-05-15	11.69	12.005	11.65	11.77	2765342
FIGS	2026-05-18	11.72	12.19	11.45	11.5	3974529
FIGS	2026-05-19	11.68	11.82	11.355	11.48	5259276
FIGS	2026-05-20	11.49	12.35	11.33	12.17	2786811
FIGS	2026-05-21	11.89	12.54	11.8	12.44	2161215
FIGS	2026-05-22	12.47	12.6491	12.355	12.54	2227556
FIGS	2026-05-26	12.72	13.07	12.7	12.8	2410824
FIGS	2026-05-27	12.97	13.17	12.68	12.72	1637744
FIGS	2026-05-28	12.58	12.75	12.215	12.26	2886148
FIGS	2026-05-29	12.22	12.285	11.72	11.76	3117948
FIGS	2026-06-01	11.61	12.045	11.55	11.74	2034308
FIGS	2026-06-02	11.6	11.7	11.315	11.43	2062948
FIGS	2026-06-03	11.56	12	11.49	11.97	2275946
FIGS	2026-06-04	12	12.085	11.57	11.7	2714219
FIGS	2026-06-05	11.72	12.02	11.72	11.87	2189747
FIGS	2026-06-08	12.03	12.0851	11.5	11.58	1814888
FIGS	2026-06-09	11.75	12.2453	11.36	11.66	2197677
FIGS	2026-06-10	11.62	11.985	11.46	11.48	3067379
FIGS	2026-06-11	11.5	11.62	11.13	11.28	2659325
FIGS	2026-06-12	11.45	12.075	11.1963	11.96	2804573
FIGS	2026-06-15	12.06	12.52	11.97	12.42	4039949
FIGS	2026-06-16	12.34	12.66	11.8501	12.22	4315941
FIGS	2026-06-17	12.17	12.95	12.17	12.28	3529656
FIGS	2026-06-18	12.24	12.48	12.02	12.31	3651308
FIGS	2026-06-22	12.13	12.18	11.1	11.16	2385453
FIGS	2026-06-23	11.02	11.12	10.9	11.03	1974108
FIGS	2026-06-24	10.96	11.79	10.96	11.78	3711731
FIGS	2026-06-25	11.6	12.025	11.05	11.09	3797087
FIGS	2026-06-26	11.34	11.64	11.12	11.6	5627630
FIGS	2026-06-29	11.48	11.5	10.8	11.08	2577945
FIGS	2026-06-30	11.03	11.055	10.17	10.23	3975139
FIGS	2026-07-01	10.14	10.305	10.02	10.05	3145150
FIGS	2026-07-02	10.05	10.54	9.87	9.99	3449965
FIGS	2026-07-06	10.06	10.2086	9.82	9.88	2649974
FIGS	2026-07-07	10.16	10.22	9.67	9.9	3451660
FIGS	2026-07-08	9.8	10.32	9.65	10.27	5435487
FIGS	2026-07-09	10.15	10.4	10.0203	10.33	2740875
FIGS	2026-07-10	10.39	10.42	10.015	10.04	1871065
FIGS	2026-07-13	10.22	10.34	9.975	10	2348889
FIGS	2026-07-14	10.04	10.12	9.655	9.72	1901831
FIGS	2026-07-15	9.75	10.1699	9.75	9.94	2577307
FIGS	2026-07-16	10.06	10.35	9.875	10.32	3486978
FIGS	2026-07-17	10.25	10.63	10.01	10.31	4265949
FIGS	2026-07-20	10.18	10.34	9.99	10.26	1933539
FIGS	2026-07-21	10.25	10.4	10.06	10.27	1219340
FIGS	2026-07-22	10.29	10.31	9.7	9.92	2914390
FIGS	2026-07-23	9.79	9.79	9.17	9.24	3303700
FIGS	2026-07-24	9.41	9.63	9.2207	9.51	2080523
FIGS	2026-07-27	9.57	10.01	9.57	9.93	2134857
FIGS	2026-07-28	10.07	10.38	9.78	10.33	1883113
FIGS	2026-07-29	10.5	10.92	10.31	10.56	3563178
FIGS	2026-07-30	10.6	10.76	10.105	10.49	3441108
FIGS	2026-07-31	10.57	10.755	10.43	10.7	5082492
FIGS	2026-08-03	10.86	11.22	10.67	10.88	5114661
FIGS	2026-08-04	10.42	11.285	10.41	10.85	4020878
FIGS	2026-08-05	10.795	11.07	10.73	10.92	2105969
FIGS	2026-08-06	10.86	11.25	10.78	11.24	4263549
FIGS	2026-08-07	15.2	16.38	14.11	14.26	11250265
NET	2026-05-01	210.85	218.28	209	217.5	2990728
NET	2026-05-04	219.55	224.23	217.48	224.17	2902449
NET	2026-05-05	231.06	248.92	229.09	244.43	7156177
NET	2026-05-06	242.44	250.97	234.76	248.59	4720669
NET	2026-05-07	251.995	258.88	248.62	256.79	8214212
NET	2026-05-08	217.22	219	192.27	196.13	18877264
NET	2026-05-11	195.395	204.2699	192.5012	193.52	6492002
NET	2026-05-12	193.97	194.39	186.57	186.79	5490604
NET	2026-05-13	185.75	194.66	185.75	192.62	4252495
NET	2026-05-14	193.34	201.99	190.5	199.81	4079664
NET	2026-05-15	197.76	201.17	194	197.56	3378512
NET	2026-05-18	194.16	203.505	192.8	201.75	3391273
NET	2026-05-19	203.25	208.67	200.42	206.73	3598735
NET	2026-05-20	204.22	210.98	202.42	210.13	2978636
NET	2026-05-21	210.49	213.745	206.6	212.65	2775338
NET	2026-05-22	214.6	216.79	211.07	216.17	2105085
NET	2026-05-26	216.25	221.11	208.24	217.54	3435372
NET	2026-05-27	212.23	215.35	208	209.22	3053869
NET	2026-05-28	214.5	228.27	213.3	228.11	4560723
NET	2026-05-29	233.39	243.67	228.54	241.82	5736445
NET	2026-06-01	244	271.2	242.37	270.82	8280239
NET	2026-06-02	262.774	274.6299	262.5331	272.66	4881998
NET	2026-06-03	270	270.23	260.74	265.33	3812812
NET	2026-06-04	260	276.815	253.94	268.64	4386698
NET	2026-06-05	267.87	268.82	246.94	250.11	4728889
NET	2026-06-08	253.16	254.7	246	247.79	3156550
NET	2026-06-09	245.895	249.245	228.03	236.13	4947753
NET	2026-06-10	233.465	236.89	219.08	219.67	5534798
NET	2026-06-11	218.335	228.82	216.5	227.44	3137165
NET	2026-06-12	229.95	231.9	222.02	228.48	2248832
NET	2026-06-15	229.345	239	227.045	235.71	3326758
NET	2026-06-16	233.74	238.83	229	230.97	2686379
NET	2026-06-17	231.13	236.0699	226.85	226.87	2643700
NET	2026-06-18	225.54	225.54	216.03	224.06	4390125
NET	2026-06-22	222.07	225.58	212.32	218.38	3350544
NET	2026-06-23	215.16	230.11	214.6001	224.94	2888571
NET	2026-06-24	223.09	228.35	220.91	223.48	2174548
NET	2026-06-25	221.39	227.57	216.04	226.65	2962147
NET	2026-06-26	225.88	237.34	220.95	237.24	6157417
NET	2026-06-29	239.29	248.7099	235	243.76	3605066
NET	2026-06-30	240	247.74	240	245.28	2500933
NET	2026-07-01	249.72	252.349	244.21	246.31	2538497
NET	2026-07-02	242	248.04	238.9	242.41	2825339
NET	2026-07-06	240.73	250.86	239.64	247.55	2068076
NET	2026-07-07	259.175	274	254	268.83	6154480
NET	2026-07-08	267.89	274.45	257.6	273.4	3703571
NET	2026-07-09	272.54	278.88	268.6002	275.8	3005014
NET	2026-07-10	279.74	280.14	266.84	268.4	2247730
NET	2026-07-13	266.71	276.3821	263.37	269.53	2118519
NET	2026-07-14	268	284.63	266.01	281.75	3977161
NET	2026-07-15	288.86	291	271.13	273.04	2986661
NET	2026-07-16	274.46	277.84	266.72	272.46	2629949
NET	2026-07-17	262.68	281.99	261.725	277.66	3027938
NET	2026-07-20	278.84	280.57	272.12	272.42	3110982
NET	2026-07-21	272.97	277.25	268.9768	272.31	3714401
NET	2026-07-22	271.75	272.5	265.0701	268.98	2553723
NET	2026-07-23	272.94	276.8937	260.57	262.32	2331874
NET	2026-07-24	265.96	266.8	261.5	262.15	1820636
NET	2026-07-27	267.48	272.4475	257.6	265.61	2604416
NET	2026-07-28	263.36	268.455	250.69	264.1	2601770
NET	2026-07-29	264.56	279.915	262.95	270.38	3289888
NET	2026-07-30	271.375	285	265	283.39	3114920
NET	2026-07-31	284.92	293.8	275.04	278.98	3698251
NET	2026-08-03	278.845	288.69	276.07	282.74	3092989
NET	2026-08-04	280	303.76	278.51	301.33	5351323
NET	2026-08-05	300.08	305	291	292.96	3946779
NET	2026-08-06	283.18	291.755	280.13	284.43	5280868
NET	2026-08-07	318	324.73	295.89	300.27	8756763
