ticker	security_type
IPCX	CS
AAOI	CS
AARD	CS
ABCL	CS
ACHR	CS
ABTC	CS
ABX	CS
ACET	CS
ACLS	CS
ACOG	CS
ACVA	CS
AIAI	CS
ALGT	CS
ALMR	CS
ALNT	CS
ALOY	CS
AMBP	CS
AMCX	CS
AMIX	CS
AMRC	CS
AMWL	CS
ANIK	CS
ANTX	CS
APMD	CS
APUS	CS
ARCT	CS
ARGX	ADRC
ARQQ	CS
ARVN	CS
ASAN	CS
ASBP	CS
ATNI	CS
ATRO	CS
AVEX	CS
AVNT	CS
AVY	CS
AWI	CS
AXGN	CS
AXIL	CS
AXTI	CS
BAND	CS
BANL	CS
BAX	CS
BCAR	CS
BDC	CS
BELFB	CS
BGDE	CS
BIYA	CS
BLSH	CS
BLZE	CS
BNAI	CS
BNTX	ADRC
BTDR	CS
BUUU	CS
BVS	CS
BWMN	CS
CAPR	CS
CARS	CS
CBRS	CS
CBZ	CS
CDRE	CS
CENX	CS
CEPL	CS
CHRN	CS
CLRO	CS
CLW	CS
COHU	CS
COLL	CS
CON	CS
CORZ	CS
CPS	CS
CRML	CS
CSTL	CS
CVI	CS
DBGI	CS
DFNS	CS
DFTX	CS
DUOT	CS
EAF	CS
ECG	CS
EIKN	CS
ELOX	CS
EME	CS
EROC	CS
EWTX	CS
FCUV	CS
FET	CS
FLS	CS
FLXS	CS
FMC	CS
FORR	CS
FRD	CS
FRMI	CS
FRVO	CS
FTH	CS
FTK	CS
FVR	CS
GENI	CS
GRDN	CS
GRMN	CS
HALO	CS
HBB	CS
HGTY	CS
HII	CS
HIPO	CS
HLMN	CS
HMN	CS
HPK	CS
HQ	CS
HURN	CS
HZO	CS
ICUI	CS
IESC	CS
IMC	CS
IMMR	CS
INFQ	CS
INSM	CS
INSP	CS
INTA	CS
INVX	CS
IONQ	CS
ISOU	CS
JAB	CS
JACK	CS
JLHL	CS
KGEI	CS
KMT	CS
KNSA	CS
KRNT	CS
KRT	CS
LFST	CS
LIND	CS
LNSR	CS
LYTS	CS
MAKO	CS
MARA	CS
MASS	CS
MBIN	CS
MED	CS
MEI	CS
MF	CS
MITK	CS
MKTX	CS
MPLT	CS
MRAM	CS
MRDN	CS
MRNA	CS
MRVI	CS
MRVL	CS
MTW	CS
NAKA	CS
NBBK	CS
NCDL	CS
NCTY	ADRC
NGL	CS
NIPG	ADRC
NMAX	CS
NNE	CS
NPKI	CS
NTRA	CS
NUCL	CS
OBX	CS
OCUL	CS
OEC	CS
OESX	CS
OSPN	CS
PAL	CS
PAY	CS
PBF	CS
PDFS	CS
PGY	CS
PICS	CS
PKOH	CS
PLPC	CS
PLRZ	CS
PN	CS
PNW	CS
PRE	CS
PRPL	CS
PSIX	CS
PSQH	CS
PWR	CS
QBTS	CS
QLYS	CS
QMCO	CS
QMLS	CS
QUAD	CS
RACC	CS
RCMT	CS
RCUS	CS
RDW	CS
REPL	CS
RFIL	CS
RGEN	CS
RIGL	CS
RNA	CS
RNW	CS
ROCK	CS
RPC	CS
RPD	CS
RRGB	CS
RUM	CS
SBGI	CS
SDGR	CS
SDOT	CS
SEI	CS
SGHT	CS
SHOP	CS
SILC	CS
SLDB	CS
SLN	ADRC
SMWB	CS
SPAI	CS
SPRC	CS
SRZN	CS
ST	CS
STDN	CS
STEM	CS
STGW	CS
STI	CS
SUJA	CS
TBI	CS
TH	CS
TILE	CS
TMCR	CS
TNXP	CS
TRU	CS
TRUP	CS
TSAT	CS
TSEM	CS
TVTX	CS
U	CS
ULBI	CS
UMAC	CS
ADMA	CS
AEHL	CS
AEIS	CS
AERO	ADRC
VATE	CS
AGPU	CS
AIP	CS
AIRG	CS
AIRJ	CS
VREX	CS
W	CS
WATT	CS
WEAV	CS
WOLF	CS
WPP	ADRC
WSHP	CS
WSM	CS
WYFI	CS
WYNN	CS
XE	CS
XHLD	CS
YELP	CS
ZETA	CS
ZVRA	CS
VMET	CS
ZD	CS
ZTG	CS
