ticker	scan_date	adv_shares	n	last_close
AAOI	2026-08-14	11489056.900000000000	20	130.08
AARD	2026-08-18	126620.100000000000	20	6.74
AARD	2026-08-19	122577.750000000000	20	6.145
ABCL	2026-08-25	9963598.550000000000	20	10.61
ABTC	2026-07-30	1951570.450000000000	20	5.19
ABX	2026-08-14	580806.450000000000	20	8.52
ACET	2026-08-07	95977.450000000000	20	7.93
ACHR	2026-08-10	33175220.450000000000	20	5.59
ACLS	2026-08-04	436031.250000000000	20	131.12
ACOG	2026-08-20	123477.900000000000	20	8.89
ACVA	2026-08-11	3066272.550000000000	20	7.26
ADMA	2026-08-06	2552136.750000000000	20	9.26
AEHL	2026-08-19	718700.900000000000	20	5.69
AEIS	2026-07-31	690764.700000000000	20	274.26
AERO	2026-08-24	267600.450000000000	20	13.72
AGPU	2026-07-27	439630.000000000000	20	6.85
AGPU	2026-08-17	632946.200000000000	20	8.27
AIAI	2026-07-29	180286.150000000000	20	5.51
AIAI	2026-08-20	197451.500000000000	20	5.225
AIP	2026-07-30	761961.850000000000	20	26.96
AIRG	2026-08-18	74264.300000000000	20	5.41
AIRJ	2026-08-07	1739620.700000000000	20	5.59
ALGT	2026-08-03	449126.400000000000	20	98.08
ALMR	2026-08-11	218329.250000000000	20	27.99
ALNT	2026-08-06	252608.650000000000	20	93.25
ALOY	2026-07-29	2196617.800000000000	20	7.33
ALOY	2026-08-07	2883710.750000000000	20	10.69
ALOY	2026-08-21	3424252.950000000000	20	11.07
AMBP	2026-08-13	3157193.900000000000	20	5.06
AMCX	2026-07-31	509361.950000000000	20	9.71
AMIX	2026-08-06	11065103.800000000000	20	12.1
AMRC	2026-07-30	494525.400000000000	20	18.51
AMWL	2026-08-05	156623.250000000000	20	10.42
ANIK	2026-07-29	63862.300000000000	20	15.15
ANIK	2026-07-30	66366.050000000000	20	16.17
ANTX	2026-08-12	169112.450000000000	20	5.87
APMD	2026-08-25	560039.705882352941	17	25.63
APUS	2026-07-29	20610.150000000000	20	8
ARCT	2026-08-19	524605.000000000000	20	8.21
ARGX	2026-08-17	287404.800000000000	20	851.29
ARQQ	2026-07-27	599837.950000000000	20	16.65
ARVN	2026-08-04	589930.350000000000	20	8.06
ASAN	2026-07-27	5463917.700000000000	20	6.86
ASBP	2026-07-30	60108.050000000000	20	5.61
ATNI	2026-08-06	65793.950000000000	20	24.01
ATRO	2026-08-12	493489.100000000000	20	74.91
AVEX	2026-08-14	1849635.850000000000	20	20.89
AVNT	2026-08-06	686667.950000000000	20	37.92
AVY	2026-07-30	701534.450000000000	20	167.14
AWI	2026-07-28	502095.650000000000	20	165.22
AXGN	2026-07-29	1276344.550000000000	20	41.15
AXIL	2026-08-19	18897.600000000000	20	6.65
AXTI	2026-08-05	10486792.400000000000	20	65.27
BAND	2026-08-07	1264659.250000000000	20	44.69
BANL	2026-08-14	194203.000000000000	20	7.01
BANL	2026-08-18	214378.350000000000	20	10.35
BAX	2026-07-30	5672373.200000000000	20	24.77
BCAR	2026-07-29	772978.400000000000	20	5.66
BDC	2026-07-30	539696.950000000000	20	102.03
BELFB	2026-07-31	303344.350000000000	20	253.41
BGDE	2026-07-31	97447.550000000000	20	5.64
BIYA	2026-07-30	11989050.350000000000	20	5.83
BLSH	2026-08-13	1361995.200000000000	20	24.63
BLZE	2026-07-31	2118993.100000000000	20	12.63
BNAI	2026-07-27	271865.150000000000	20	11.16
BNTX	2026-08-19	930473.000000000000	20	92.75
BTDR	2026-08-04	9149604.400000000000	20	11.37
BUUU	2026-07-27	55876.100000000000	20	20
BUUU	2026-08-12	77025.850000000000	20	28.83
BVS	2026-08-05	687444.750000000000	20	13.42
BWMN	2026-08-10	155502.150000000000	20	27.23
CAPR	2026-08-17	9580078.450000000000	20	6.65
CARS	2026-08-07	712987.850000000000	20	11.74
CBRS	2026-07-30	5562223.100000000000	20	169.39
CBRS	2026-08-17	6529182.850000000000	20	218.98
CBZ	2026-07-29	685981.650000000000	20	46.7
CDRE	2026-08-06	333653.450000000000	20	31.03
CENX	2026-08-07	1839194.700000000000	20	45.95
CEPL	2026-08-12	338404.650000000000	20	7.6
CHRN	2026-07-30	376479.300000000000	20	18.52
CLRO	2026-08-10	3836399.200000000000	20	10.17
CLW	2026-07-29	157905.600000000000	20	17.51
COHU	2026-07-30	1083283.100000000000	20	39.34
COLL	2026-08-13	550573.650000000000	20	25.7
CON	2026-08-07	855585.400000000000	20	30.54
CORZ	2026-07-28	10289356.600000000000	20	20.74
CPS	2026-08-14	199388.800000000000	20	27.23
CRML	2026-08-21	5895096.450000000000	20	5.8
CRML	2026-08-25	6691899.100000000000	20	6.67
CSTL	2026-07-31	312841.450000000000	20	26.79
CVI	2026-07-30	859188.250000000000	20	34.62
DBGI	2026-07-30	38156.200000000000	20	12.01
DBGI	2026-08-12	198144.650000000000	20	15.8
DBGI	2026-08-19	215388.050000000000	20	10.905
DFNS	2026-08-03	8158191.350000000000	20	27.68
DFTX	2026-08-12	1823042.350000000000	20	40.91
DUOT	2026-08-17	714571.350000000000	20	9.11
EAF	2026-07-27	473389.050000000000	20	7.44
ECG	2026-07-30	554940.800000000000	20	109.17
EIKN	2026-08-19	374454.450000000000	20	11.65
ELOX	2026-08-11	65287.350000000000	20	17
ELOX	2026-08-20	54273.150000000000	20	18.155
EME	2026-07-30	463198.150000000000	20	672.48
EROC	2026-07-30	1427860.250000000000	20	8.99
EROC	2026-07-31	1443660.550000000000	20	9.88
EROC	2026-08-13	1865113.450000000000	20	13.82
EWTX	2026-08-04	997488.100000000000	20	38.38
FCUV	2026-08-04	5569635.350000000000	20	11.5
FCUV	2026-08-10	5697603.250000000000	20	5.2
FET	2026-07-31	144790.900000000000	20	51.43
FET	2026-08-06	191406.700000000000	20	75.52
FLS	2026-07-30	1846576.350000000000	20	69.94
FLXS	2026-08-18	52140.550000000000	20	70.86
FMC	2026-07-30	3976860.700000000000	20	10.01
FORR	2026-07-31	130538.250000000000	20	9.74
FRD	2026-08-07	83092.650000000000	20	37.72
FRMI	2026-07-30	18013451.800000000000	20	5.86
FRVO	2026-07-30	3278205.100000000000	20	17.08
FTH	2026-07-27	244330.050000000000	20	28.29
FTK	2026-08-05	364334.550000000000	20	28.21
FVR	2026-08-17	155927.300000000000	20	19.76
GENI	2026-07-27	4868267.350000000000	20	6.48
GRDN	2026-08-07	277491.550000000000	20	39.47
GRMN	2026-07-29	808785.300000000000	20	253.65
HALO	2026-08-07	1655735.900000000000	20	85.76
HBB	2026-08-07	43655.150000000000	20	27
HGTY	2026-08-05	121646.350000000000	20	11.72
HII	2026-07-30	459273.300000000000	20	280.4
HIPO	2026-07-30	137504.400000000000	20	29.83
HLMN	2026-08-04	1147573.700000000000	20	8.31
HMN	2026-08-25	246393.400000000000	20	51.2
HPK	2026-08-11	438464.400000000000	20	7.92
HQ	2026-07-27	491599.350000000000	20	11.7
HQ	2026-07-29	445598.400000000000	20	11.69
HURN	2026-07-29	275812.450000000000	20	121.37
HZO	2026-08-10	308114.750000000000	20	35.68
ICUI	2026-08-07	303519.950000000000	20	166.37
IESC	2026-07-30	432853.050000000000	20	248.11
IESC	2026-07-31	433949.000000000000	20	285.77
IMC	2026-08-05	1119726.000000000000	5	8.22
IMMR	2026-07-27	573502.750000000000	20	6.52
INFQ	2026-07-27	11590719.850000000000	20	8.97
INSM	2026-08-06	2627235.750000000000	20	99.02
INSP	2026-08-04	847075.900000000000	20	52.22
INTA	2026-08-05	750794.750000000000	20	32.78
INVX	2026-07-29	329838.150000000000	20	25.62
IONQ	2026-07-27	20133936.900000000000	20	32.84
IPCX	2026-07-29	87222.900000000000	20	8.93
ISOU	2026-08-21	74604.650000000000	20	10.24
JAB	2026-08-17	444319.625000000000	8	9.91
JACK	2026-07-27	1273066.450000000000	20	14.55
JLHL	2026-07-27	6100219.650000000000	20	6.08
JLHL	2026-08-18	1928478.700000000000	20	7.5
KGEI	2026-08-13	123037.400000000000	20	5.42
KMT	2026-08-05	993808.200000000000	20	36.06
KNSA	2026-07-28	666188.250000000000	20	63.535
KRNT	2026-08-12	272312.500000000000	20	17.58
KRT	2026-08-07	119511.650000000000	20	42.37
LFST	2026-08-06	2909178.450000000000	20	10.37
LFST	2026-08-10	3282999.300000000000	20	10.84
LIND	2026-08-03	747497.900000000000	20	29.58
LNSR	2026-08-13	40495.500000000000	20	6.29
LYTS	2026-08-20	233617.150000000000	20	24.06
MAKO	2026-08-07	125396.400000000000	20	8.66
MARA	2026-08-20	43654399.550000000000	20	9.65
MASS	2026-07-29	235787.550000000000	20	7.03
MBIN	2026-07-29	154561.050000000000	20	48.77
MED	2026-08-04	162755.050000000000	20	9.74
MEI	2026-08-25	563517.450000000000	20	14.03
MF	2026-08-14	243063.105263157895	19	10
MITK	2026-08-07	615543.800000000000	20	16.81
MKTX	2026-07-30	514830.900000000000	20	125.73
MPLT	2026-07-29	1152378.850000000000	20	12.31
MRAM	2026-08-04	1108549.550000000000	20	15.45
MRDN	2026-08-03	74271.500000000000	20	11.27
MRNA	2026-08-19	5308214.350000000000	20	62.96
MRVI	2026-08-19	1981817.150000000000	20	5.74
MRVI	2026-08-20	2615054.950000000000	20	7.22
MRVL	2026-08-19	21329523.750000000000	20	216
MTW	2026-08-07	217988.300000000000	20	14.21
NAKA	2026-08-21	129189.450000000000	20	6.3
NBBK	2026-08-25	363735.900000000000	20	22.51
NCDL	2026-08-03	183749.800000000000	20	12.12
NCTY	2026-08-24	314767.250000000000	20	5.78
NGL	2026-08-05	176363.100000000000	20	15.85
NIPG	2026-07-27	29085.150000000000	20	15.5
NMAX	2026-08-14	738732.600000000000	20	9.49
NNE	2026-07-27	2282388.550000000000	20	15.59
NPKI	2026-07-30	865097.850000000000	20	12.05
NTRA	2026-08-07	1067346.900000000000	20	265.38
NUCL	2026-08-04	470282.450000000000	20	6.17
OBX	2026-08-14	54799.500000000000	8	18.92
OCUL	2026-08-17	2106824.650000000000	20	10.04
OEC	2026-08-06	546236.700000000000	20	6.56
OESX	2026-08-06	68907.100000000000	20	16.06
OESX	2026-08-25	99814.800000000000	20	20.99
OSPN	2026-08-05	374263.350000000000	20	16.21
PAL	2026-08-21	735643.950000000000	20	5.21
PAY	2026-08-04	1022791.050000000000	20	34.52
PBF	2026-07-30	2936049.000000000000	20	63.35
PDFS	2026-08-07	486335.250000000000	20	45.9
PGY	2026-07-30	2801113.050000000000	20	16.19
PICS	2026-08-04	221998.800000000000	20	12.8
PKOH	2026-08-06	71574.700000000000	20	41.61
PLPC	2026-07-30	89006.850000000000	20	283.51
PLRZ	2026-07-27	44740.350000000000	20	14.68
PN	2026-07-30	725036.450000000000	20	10.72
PN	2026-08-06	1227438.600000000000	20	6.89
PNW	2026-07-27	1200198.450000000000	20	106.06
PRE	2026-07-27	257603.100000000000	20	18.74
PRPL	2026-08-12	34554.350000000000	20	7.25
PSIX	2026-08-04	464586.800000000000	20	28.78
PSQH	2026-08-25	563836.100000000000	20	5.91
PWR	2026-07-30	1001642.400000000000	20	561.14
QBTS	2026-07-27	17922809.300000000000	20	16.21
QLYS	2026-08-05	743901.450000000000	20	161.06
QMCO	2026-07-30	836854.800000000000	20	10.45
QMLS	2026-07-28	687065.250000000000	8	6.47
QMLS	2026-08-11	500661.777777777778	18	5.95
QUAD	2026-07-29	135125.300000000000	20	8.41
RACC	2026-07-30	54270.200000000000	20	16.4999
RCMT	2026-08-17	42349.950000000000	20	35.05
RCUS	2026-08-06	1010774.250000000000	20	27.7
RDW	2026-08-07	16723182.350000000000	20	11.83
REPL	2026-08-04	6799748.250000000000	20	11.91
RFIL	2026-08-04	269542.750000000000	20	12.44
RGEN	2026-07-28	1164988.350000000000	20	131.06
RIGL	2026-08-05	302788.600000000000	20	38.7
RNA	2026-08-10	133302.500000000000	20	12.34
RNW	2026-08-11	1234708.050000000000	20	6.13
ROCK	2026-08-05	326468.050000000000	20	48.06
RPC	2026-08-21	579495.700000000000	20	8.63
RPD	2026-08-11	2423249.650000000000	20	11.61
RRGB	2026-08-13	205763.850000000000	20	8.16
RUM	2026-08-24	3443499.400000000000	20	9.05
SBGI	2026-08-06	475566.800000000000	20	13.91
SDGR	2026-08-06	914994.550000000000	20	16.4
SDOT	2026-07-27	5775198.000000000000	20	17.52
SDOT	2026-08-21	184874.350000000000	20	8.44
SEI	2026-08-07	4104569.950000000000	20	57.01
SGHT	2026-08-06	161648.100000000000	20	5.55
SHOP	2026-08-05	8404885.850000000000	20	123.3
SILC	2026-07-29	177007.950000000000	20	38.02
SLDB	2026-07-28	1429115.350000000000	20	7.89
SLN	2026-08-10	514605.500000000000	20	11.95
SMWB	2026-08-12	769985.200000000000	20	7.25
SPAI	2026-08-25	423725.200000000000	20	5.37
SPRC	2026-07-30	426654.500000000000	20	9.09
SRZN	2026-08-07	267011.900000000000	20	21.64
ST	2026-07-30	1693536.450000000000	20	46
STDN	2026-08-10	1346532.882352941176	17	8.44
STDN	2026-08-14	1112938.650000000000	20	12.09
STEM	2026-08-13	117310.300000000000	20	5.45
STGW	2026-07-30	1233159.050000000000	20	8.08
STI	2026-07-31	147545.750000000000	20	6.185
SUJA	2026-08-24	924399.850000000000	20	7.68
TBI	2026-08-05	232129.650000000000	20	7.69
TH	2026-08-10	980463.450000000000	20	16.51
TILE	2026-08-07	360611.300000000000	20	35.1
TMCR	2026-08-21	70591.500000000000	20	6.01
TNXP	2026-08-10	480521.850000000000	20	12.03
TRU	2026-07-28	2314343.250000000000	20	77.24
TRUP	2026-08-06	334698.800000000000	20	24.39
TSAT	2026-08-04	204566.250000000000	20	40.18
TSEM	2026-08-07	2228871.850000000000	20	224.7
TVTX	2026-08-05	1308224.100000000000	20	56.02
U	2026-08-06	8700825.100000000000	20	35.47
ULBI	2026-08-07	31025.200000000000	20	5.32
UMAC	2026-07-30	3538013.700000000000	20	17.26
VATE	2026-08-11	907232.050000000000	20	7.13
VMET	2026-08-20	208561.200000000000	20	10.51
VREX	2026-08-10	343771.050000000000	20	12.41
W	2026-08-04	3181883.400000000000	20	89.31
WATT	2026-07-29	231853.200000000000	20	13.23
WATT	2026-08-04	194668.850000000000	20	16.09
WEAV	2026-08-18	1260524.450000000000	20	5.53
WOLF	2026-07-30	3881506.000000000000	20	20.06
WPP	2026-08-06	393675.750000000000	20	20.61
WSHP	2026-08-11	66694.300000000000	20	5.08
WSM	2026-08-03	854664.950000000000	20	228.66
WYFI	2026-08-12	1925882.800000000000	20	24.22
WYFI	2026-08-13	1872535.450000000000	20	28.58
WYNN	2026-08-05	1420007.900000000000	20	97.6
XE	2026-08-13	5623726.900000000000	20	20.35
XHLD	2026-08-17	8368978.100000000000	20	5.88
YELP	2026-08-07	945425.450000000000	20	25.04
ZD	2026-08-07	536628.700000000000	20	50.95
ZETA	2026-08-05	7476557.550000000000	20	24.26
ZTG	2026-08-12	677797.050000000000	20	9.27
ZVRA	2026-08-06	1485065.100000000000	20	10.53
