ticker|ep_date|rung|fire_date|session_idx|resolution|entry|stop|settle_status|settle_reason|outcome|realized_r|outcome_trail|realized_r_trail|mfe_r|mae_r|reached_4r
ABCL|2026-08-10|ep_close_reclaim|2026-08-11|1|minute_5|9.46|9.02|settled||stop|-1.0|stop|-1.0|2.0909|-1.0455|False
ABSI|2026-06-24|ep_high_break|2026-06-25|1|minute_5|11.0|8.67|settled||stop|-1.0|trail_exit|-0.1717|0.4528|-1.2446|False
ABSI|2026-06-24|ep_close_reclaim|2026-06-25|1|minute_5|10.0802|10.05|settled||stop|-1.0|stop|-1.0|11.2517|-6.9603|True
ABSI|2026-06-24|ep_close_620_prox|2026-06-25|1|minute_5|9.665|9.32|settled||stop|-1.0|trail_exit|2.7101|6.9275|-4.5362|True
ABSI|2026-06-24|ep_low_reclaim|2026-07-16|15|minute_5|8.725|8.63|settled||stop|-1.0|stop|-1.0|-0.0526|-1.6842|False
ABVX|2026-06-03|ep_high_break|2026-06-04|1|daily|92.1399|80.77|settled||stop|-1.0|trail_exit|1.1249|1.4103|-1.526|False
ABVX|2026-06-03|ep_low_reclaim|2026-06-24|14|minute_5|82.0|74.79|settled||time_exit|6.8183|trail_exit|1.4577|9.1512|-0.3454|True
ACAD|2026-06-26|ep_close_reclaim|2026-06-29|1|minute_5|25.425|25.295|settled||stop|-1.0|stop|-1.0|2.3077|-2.1154|False
ACAD|2026-06-26|ep_low_reclaim|2026-06-29|1|minute_5|25.16|25.02|settled||stop|-1.0|stop|-1.0|0.0714|-1.4286|False
ACAD|2026-06-26|ep_close_620_prox|2026-06-29|1|minute_5|25.06|24.96|settled||stop|-1.0|stop|-1.0|0.5|-1.1|False
ACHR|2026-08-10|ep_close_reclaim|2026-08-11|1|minute_5|6.61|6.13|settled||stop|-1.0|stop|-1.0|1.4167|-1.0|False
ACHR|2026-08-10|ep_close_620_prox|2026-08-12|2|minute_5|6.28|6.1611|settled||stop|-1.0|stop|-1.0|8.4945|-1.2616|True
ACHR|2026-08-10|ep_low_reclaim|2026-08-25|11|minute_5|5.9361|5.92|settled||stop|-1.0|stop|-1.0|8.3168|-1.3851|True
ACMR|2026-08-07|ep_close_620_prox|2026-08-10|1|minute_5|83.78|81.67|settled||stop|-1.0|stop|-1.0|0.1469|-1.1564|False
ACMR|2026-08-07|ep_low_reclaim|2026-08-11|2|minute_5|78.79|78.49|settled||stop|-1.0|trail_exit|3.7667|21.0333|-3.2667|True
AEHR|2026-06-17|ep_close_reclaim|2026-06-18|1|minute_5|112.663|112.01|settled||stop|-1.0|stop|-1.0|0.4089|-1.0153|False
AEHR|2026-06-17|ep_close_620_prox|2026-06-18|1|minute_5|116.44|116.0|settled||stop|-1.0|stop|-1.0|0.1364|-5.2045|False
AEHR|2026-06-17|ep_low_reclaim|2026-06-22|2|minute_5|114.975|110.3|settled||stop|-1.0|stop|-1.0|0.5037|-2.9893|False
AEHR|2026-07-15|ep_low_reclaim|2026-07-16|1|minute_5|87.7336|79.69|settled||stop|-1.0|trail_exit|-0.4393|0.0704|-1.3655|False
AEHR|2026-07-15|ep_close_620_prox|2026-07-23|6|minute_5|89.975|89.0077|settled||stop|-1.0|stop|-1.0|0.0155|-1.6282|False
AEIS|2026-08-04|ep_close_reclaim|2026-08-05|1|minute_5|345.25|338.12|settled||stop|-1.0|stop|-1.0|0.763|-1.0757|False
AEIS|2026-08-04|ep_close_620_prox|2026-08-05|1|minute_5|339.77|335.66|settled||stop|-1.0|stop|-1.0|0.2117|-1.0231|False
AEIS|2026-08-04|ep_low_reclaim|2026-08-06|2|minute_5|325.4|317.66|settled||stop|-1.0|stop|-1.0|1.2377|-1.4444|False
AEVA|2026-08-06|ep_close_reclaim|2026-08-07|1|minute_5|25.4|24.35|settled||stop|-1.0|stop|-1.0|2.7619|-2.3696|False
AEVA|2026-08-06|ep_close_620_prox|2026-08-11|3|minute_5|24.28|23.35|settled||stop|-1.0|stop|-1.0|1.6989|-2.1828|False
AEVA|2026-08-06|ep_low_reclaim|2026-08-13|5|minute_5|22.76|22.65|settled||stop|-1.0|stop|-1.0|1.1818|-1.5455|False
AGX|2026-06-05|ep_low_reclaim|2026-06-15|6|minute_5|670.27|576.37|settled||time_exit|-0.6499|trail_exit|0.3821|1.4428|-0.8858|False
AGX|2026-06-05|ep_close_620_prox|2026-06-16|7|minute_5|709.495|693.45|settled||stop|-1.0|stop|-1.0|-0.1437|-1.1141|False
AGYS|2026-05-19|ep_low_reclaim|2026-05-20|1|minute_5|76.74|72.86|settled||time_exit|2.7758|trail_exit|2.7706|4.433|-0.1366|True
AGYS|2026-05-19|ep_close_620_prox|2026-05-21|2|minute_5|79.195|77.7|settled||stop|-1.0|stop|-1.0|2.0502|-1.214|False
AIP|2026-05-13|ep_close_reclaim|2026-05-14|1|minute_5|35.625|34.745|settled||stop|-1.0|stop|-1.0|3.233|-3.9602|False
AIP|2026-05-13|ep_close_620_prox|2026-05-20|5|minute_5|34.7|33.697|settled||stop|-1.0|stop|-1.0|4.2771|-1.4556|True
AKTS|2026-06-12|ep_high_break|2026-06-15|1|minute_5|22.6|20.96|settled||stop|-1.0|stop|-1.0|0.4543|-1.0183|False
AKTS|2026-06-12|ep_close_reclaim|2026-06-15|1|minute_5|22.06|21.66|settled||stop|-1.0|stop|-1.0|0.4875|-1.95|False
AKTS|2026-06-12|ep_low_reclaim|2026-06-15|1|minute_5|21.105|20.93|settled||stop|-1.0|stop|-1.0|-0.0286|-1.0286|False
AKTS|2026-06-12|ep_close_620_prox|2026-06-15|1|minute_5|21.275|21.09|settled||stop|-1.0|stop|-1.0|-0.2973|-1.8649|False
ALAB|2026-05-20|ep_close_reclaim|2026-05-21|1|minute_5|288.875|281.91|settled||time_exit|21.649|trail_exit|4.0467|21.8399|-0.5291|True
ALAB|2026-05-20|ep_close_620_prox|2026-05-21|1|minute_5|293.775|281.91|settled||time_exit|12.2954|trail_exit|1.9625|12.4075|-0.276|True
ALOY|2026-06-01|ep_close_reclaim|2026-06-02|1|minute_5|11.3|10.72|settled||stop|-1.0|stop|-1.0|4.3621|-1.5862|False
ALOY|2026-06-01|ep_close_620_prox|2026-06-02|1|minute_5|11.355|10.72|settled||stop|-1.0|stop|-1.0|3.8976|-1.5354|False
AMBQ|2026-05-12|ep_high_break|2026-05-13|1|minute_5|66.59|53.14|settled||time_exit|1.2491|trail_exit|0.8037|1.4257|-0.281|False
AMBQ|2026-05-12|ep_close_reclaim|2026-05-13|1|minute_5|67.28|62.81|settled||time_exit|3.604|trail_exit|2.264|4.1355|-0.4183|True
AMLX|2026-08-18|ep_high_break|2026-08-19|1|daily|35.39|28.0|abstain|window_open|||||||
AMLX|2026-08-18|ep_close_620_prox|2026-08-28|8|minute_5|35.89|35.79|settled||stop|-1.0|stop|-1.0|1.6|-2.0|False
AMRC|2026-08-04|ep_low_reclaim|2026-08-12|6|minute_5|27.95|24.5811|settled||stop|-1.0|trail_exit|-0.7302|0.2582|-1.7469|False
AMRC|2026-08-04|ep_close_620_prox|2026-08-13|7|minute_5|27.61|27.13|settled||stop|-1.0|stop|-1.0|2.5208|-4.5417|False
ANF|2026-05-27|ep_low_reclaim|2026-05-28|1|minute_5|80.25|78.24|settled||stop|-1.0|stop|-1.0|1.0746|-1.9552|False
ANF|2026-05-27|ep_close_620_prox|2026-06-09|9|minute_5|82.085|81.1|settled||time_exit|7.2538|trail_exit|2.665|12.9137|-0.7868|True
APPS|2026-08-05|ep_low_reclaim|2026-08-06|1|minute_5|12.39|11.76|settled||stop|-1.0|trail_exit|0.0794|4.6746|-1.0159|True
APPS|2026-08-05|ep_close_620_prox|2026-08-06|1|minute_5|13.59|11.76|settled||stop|-1.0|trail_exit|-0.6284|0.9536|-1.0055|False
ARGX|2026-08-17|ep_close_reclaim|2026-08-18|1|minute_5|990.345|983.42|settled||stop|-1.0|stop|-1.0|0.2606|-1.4289|False
ARGX|2026-08-17|ep_close_620_prox|2026-08-18|1|minute_5|996.36|980.45|abstain|window_open|||||||
ARM|2026-05-20|ep_high_break|2026-05-21|1|daily|259.44|226.085|settled||time_exit|4.4455|trail_exit|2.5031|5.794|0.1967|True
ARM|2026-07-30|ep_close_reclaim|2026-07-31|1|minute_5|242.4|241.11|settled||stop|-1.0|stop|-1.0|0.7752|-1.3512|False
ARM|2026-07-30|ep_close_620_prox|2026-07-31|1|minute_5|244.9686|243.5|settled||stop|-1.0|stop|-1.0|0.2801|-1.3813|False
ARM|2026-07-30|ep_low_reclaim|2026-08-03|2|minute_5|235.6|219.39|settled||time_exit|0.3893|trail_exit|0.2134|3.9287|-0.202|False
ARWR|2026-07-22|ep_close_reclaim|2026-07-23|1|minute_5|88.95|86.51|settled||stop|-1.0|stop|-1.0|0.082|-1.1025|False
ARWR|2026-07-22|ep_close_620_prox|2026-07-23|1|minute_5|88.3|86.26|settled||stop|-1.0|stop|-1.0|0.0784|-1.5882|False
ARWR|2026-07-22|ep_low_reclaim|2026-07-28|4|minute_5|85.4|84.0301|settled||stop|-1.0|stop|-1.0|0.1533|-1.0147|False
ARX|2026-05-14|ep_close_reclaim|2026-05-15|1|minute_5|14.67|14.401|settled||stop|-1.0|trail_exit|5.948|11.8216|-1.3383|True
ARX|2026-05-14|ep_close_620_prox|2026-06-04|14|minute_5|14.93|14.6|settled||stop|-1.0|stop|-1.0|-0.0152|-1.0303|False
ARX|2026-05-14|ep_low_reclaim|2026-06-11|19|minute_5|13.75|13.7|settled||stop|-1.0|stop|-1.0|4.0|-1.4|False
ASAN|2026-05-29|ep_high_break|2026-06-01|1|daily|7.95|7.0|settled||stop|-1.0|trail_exit|-0.4316|1.4631|-1.1947|False
ASAN|2026-05-29|ep_close_620_prox|2026-06-03|3|minute_5|7.895|7.84|settled||stop|-1.0|stop|-1.0|10.0|-6.4527|True
ASAN|2026-05-29|ep_close_reclaim|2026-06-05|5|minute_5|7.755|7.5401|settled||stop|-1.0|stop|-1.0|1.1866|-2.7455|False
ASAN|2026-05-29|ep_low_reclaim|2026-06-18|14|minute_5|7.05|6.815|settled||stop|-1.0|trail_exit|-0.5532|0.5957|-2.5532|False
ASPI|2026-05-26|ep_close_reclaim|2026-05-27|1|minute_5|6.95|6.66|settled||stop|-1.0|stop|-1.0|0.8276|-1.0345|False
ASPI|2026-05-26|ep_close_620_prox|2026-06-08|9|minute_5|7.05|6.735|settled||stop|-1.0|trail_exit|-0.6984|0.1587|-3.1587|False
ASPI|2026-05-26|ep_low_reclaim|2026-06-09|10|minute_5|6.39|6.055|settled||stop|-1.0|trail_exit|0.0299|0.1642|-1.7164|False
ASTI|2026-05-27|ep_close_reclaim|2026-05-28|1|minute_5|6.81|6.15|settled||stop|-1.0|trail_exit|-0.5455|4.5303|-1.1059|True
ASTI|2026-05-27|ep_close_620_prox|2026-06-03|5|minute_5|7.135|7.06|settled||stop|-1.0|stop|-1.0|1.4|-3.8|False
ASTI|2026-05-27|ep_low_reclaim|2026-06-22|17|minute_5|5.795|5.75|settled||stop|-1.0|stop|-1.0|4.3311|-1.6667|True
ATRO|2026-08-12|ep_close_reclaim|2026-08-13|1|minute_5|88.5|86.0|settled||stop|-1.0|stop|-1.0|0.12|-1.08|False
ATRO|2026-08-12|ep_low_reclaim|2026-08-20|6|minute_5|79.8|78.97|settled||stop|-1.0|stop|-1.0|1.1922|-1.8795|False
AUGO|2026-06-15|ep_close_620_prox|2026-06-16|1|minute_5|67.2|66.25|settled||stop|-1.0|trail_exit|-0.8737|4.0421|-1.4842|False
AUGO|2026-06-15|ep_high_break|2026-06-17|2|minute_5|69.9899|66.25|settled||stop|-1.0|stop|-1.0|0.2808|-1.0816|False
AUGO|2026-06-15|ep_low_reclaim|2026-06-18|3|minute_5|65.97|64.57|settled||stop|-1.0|stop|-1.0|0.2107|-1.65|False
AVAV|2026-05-28|ep_low_reclaim|2026-06-03|4|minute_5|195.59|195.26|settled||stop|-1.0|stop|-1.0|1.5|-7.8212|False
AVAV|2026-06-30|ep_close_reclaim|2026-07-01|1|minute_5|165.69|164.0|settled||stop|-1.0|stop|-1.0|20.5266|-1.9467|True
AVAV|2026-06-30|ep_close_620_prox|2026-07-07|4|minute_5|164.96|163.1|settled||stop|-1.0|stop|-1.0|1.1129|-1.0269|False
AVAV|2026-06-30|ep_low_reclaim|2026-07-08|5|minute_5|158.44|157.64|settled||stop|-1.0|stop|-1.0|0.7625|-1.5874|False
AVEX|2026-05-12|ep_low_reclaim|2026-05-13|1|minute_5|26.11|25.28|settled||stop|-1.0|trail_exit|-0.2651|0.3613|-3.3614|False
AVEX|2026-05-12|ep_close_620_prox|2026-05-19|5|minute_5|26.915|26.25|settled||stop|-1.0|stop|-1.0|1.6692|-1.0602|False
BBWI|2026-05-27|ep_close_reclaim|2026-05-28|1|minute_5|19.56|19.42|settled||stop|-1.0|stop|-1.0|7.3214|-7.8571|True
BBWI|2026-05-27|ep_low_reclaim|2026-06-01|3|minute_5|19.235|19.12|settled||stop|-1.0|stop|-1.0|0.2174|-1.0435|False
BBWI|2026-05-27|ep_close_620_prox|2026-06-15|13|minute_5|19.28|19.25|settled||stop|-1.0|stop|-1.0|3.3333|-1.3333|False
BE|2026-08-12|ep_close_reclaim|2026-08-13|1|minute_5|242.94|233.44|settled||stop|-1.0|stop|-1.0|1.0916|-1.6074|False
BE|2026-08-12|ep_close_620_prox|2026-08-13|1|minute_5|241.55|233.44|settled||stop|-1.0|stop|-1.0|0.8656|-1.7115|False
BE|2026-08-12|ep_low_reclaim|2026-08-14|2|minute_5|233.985|230.5|settled||stop|-1.0|stop|-1.0|4.1851|-1.5567|True
BHVN|2026-05-29|ep_close_reclaim|2026-06-01|1|minute_5|11.02|10.7003|settled||stop|-1.0|stop|-1.0|1.6265|-2.8151|False
BHVN|2026-05-29|ep_low_reclaim|2026-06-02|2|minute_5|10.6|10.2576|settled||stop|-1.0|stop|-1.0|-0.0584|-1.08|False
BHVN|2026-05-29|ep_close_620_prox|2026-06-03|3|minute_5|10.69|9.9031|settled||time_exit|6.6972|time_exit|6.6972|7.6884|-0.2415|True
BLSH|2026-08-13|ep_low_reclaim|2026-08-14|1|minute_5|25.06|24.71|settled||stop|-1.0|stop|-1.0|1.1714|-1.7429|False
BLSH|2026-08-13|ep_close_620_prox|2026-08-19|4|minute_5|27.44|24.9|abstain|window_open|||||||
BLZE|2026-07-31|ep_close_reclaim|2026-08-03|1|minute_5|13.94|13.4492|settled||time_exit|0.3871|trail_exit|5.9902|20.4768|-0.2343|True
BLZE|2026-08-04|ep_low_reclaim|2026-08-10|4|minute_5|19.69|17.47|settled||stop|-1.0|stop|-1.0|0.5495|-1.6757|False
BLZE|2026-08-04|ep_close_620_prox|2026-08-12|6|minute_5|19.28|18.865|settled||stop|-1.0|stop|-1.0|3.9277|-1.253|False
BRUN|2026-08-12|ep_close_reclaim|2026-08-13|1|minute_5|22.3|21.75|settled||stop|-1.0|stop|-1.0|0.8909|-1.0527|False
BRUN|2026-08-12|ep_close_620_prox|2026-08-13|1|minute_5|21.57|21.05|settled||stop|-1.0|stop|-1.0|0.2885|-1.0|False
BRUN|2026-08-12|ep_low_reclaim|2026-08-21|7|minute_5|20.18|17.9|settled||stop|-1.0|trail_exit|-0.2939|0.5351|-1.3465|False
BTDR|2026-08-04|ep_close_reclaim|2026-08-05|1|minute_5|11.39|11.37|settled||stop|-1.0|stop|-1.0|12.5|-4.0|True
BTDR|2026-08-04|ep_low_reclaim|2026-08-05|1|minute_5|11.265|11.245|settled||stop|-1.0|stop|-1.0|0.75|-1.25|False
BTDR|2026-08-04|ep_close_620_prox|2026-08-05|1|minute_5|11.765|11.52|settled||stop|-1.0|stop|-1.0|0.0245|-1.4898|False
BTGO|2026-05-26|ep_low_reclaim|2026-05-27|1|minute_5|5.915|5.4201|settled||stop|-1.0|trail_exit|0.5759|0.8183|-1.1416|False
BTGO|2026-05-26|ep_close_620_prox|2026-05-28|2|minute_5|6.0995|5.62|settled||stop|-1.0|trail_exit|-0.1032|0.4599|-1.2294|False
BULL|2026-08-20|ep_low_reclaim|2026-08-21|1|minute_5|8.85|8.57|settled||stop|-1.0|stop|-1.0|2.5|-1.5|False
BULL|2026-08-20|ep_close_620_prox|2026-08-21|1|minute_5|9.025|8.57|settled||stop|-1.0|stop|-1.0|0.1319|-1.3077|False
BW|2026-05-11|ep_close_reclaim|2026-05-12|1|minute_5|19.6775|18.4|settled||stop|-1.0|stop|-1.0|0.0802|-1.2348|False
BW|2026-05-11|ep_close_620_prox|2026-05-12|1|minute_5|18.2|17.65|settled||stop|-1.0|trail_exit|1.5273|6.9636|-2.2|True
BW|2026-05-11|ep_low_reclaim|2026-06-09|20|minute_5|15.6|15.51|settled||stop|-1.0|stop|-1.0|0.7778|-1.5556|False
BW|2026-08-11|ep_close_620_prox|2026-08-12|1|minute_5|9.415|9.27|settled||stop|-1.0|stop|-1.0|5.4972|-1.0|True
BW|2026-08-11|ep_close_reclaim|2026-08-18|5|minute_5|9.205|9.145|settled||stop|-1.0|stop|-1.0|0.25|-1.5833|False
BW|2026-08-11|ep_low_reclaim|2026-08-19|6|minute_5|9.03|8.57|settled||stop|-1.0|trail_exit|0.1739|0.1957|-1.587|False
BZH|2026-05-11|ep_low_reclaim|2026-05-12|1|minute_5|24.195|24.01|settled||stop|-1.0|stop|-1.0|0.3514|-1.7027|False
BZH|2026-05-11|ep_close_620_prox|2026-05-12|1|minute_5|24.73|24.54|settled||stop|-1.0|stop|-1.0|0.2632|-1.0526|False
CAI|2026-08-06|ep_high_break|2026-08-07|1|daily|20.11|17.945|abstain|window_open|||||||
CAMT|2026-06-02|ep_close_620_prox|2026-06-03|1|minute_5|182.355|178.4|settled||stop|-1.0|stop|-1.0|0.7598|-2.2566|False
CAMT|2026-06-02|ep_low_reclaim|2026-06-04|2|minute_5|175.5|173.43|settled||stop|-1.0|stop|-1.0|4.4934|-6.0193|True
CAT|2026-08-04|ep_close_reclaim|2026-08-05|1|minute_5|882.995|870.0|settled||stop|-1.0|trail_exit|-0.9169|1.7487|-2.0035|False
CAT|2026-08-04|ep_close_620_prox|2026-08-05|1|minute_5|892.36|870.0|settled||stop|-1.0|trail_exit|-0.9517|0.0411|-1.5832|False
CAT|2026-08-04|ep_low_reclaim|2026-08-06|2|minute_5|867.52|857.0|settled||stop|-1.0|trail_exit|-1.0038|1.1221|-2.9952|False
CBRL|2026-06-10|ep_low_reclaim|2026-06-11|1|minute_5|43.43|43.0|settled||stop|-1.0|stop|-1.0|2.5579|-1.0|False
CBRL|2026-06-10|ep_close_620_prox|2026-06-15|3|minute_5|43.84|43.73|settled||stop|-1.0|stop|-1.0|2.1818|-3.0909|False
CGEM|2026-08-13|ep_low_reclaim|2026-08-14|1|minute_5|19.315|18.58|abstain|window_open|||||||
CGEM|2026-08-13|ep_close_620_prox|2026-08-14|1|minute_5|19.5|18.58|abstain|window_open|||||||
CHA|2026-05-29|ep_close_reclaim|2026-06-01|1|minute_5|13.14|12.3801|settled||stop|-1.0|stop|-1.0|0.3422|-1.7634|False
CHA|2026-05-29|ep_close_620_prox|2026-06-01|1|minute_5|12.82|12.3801|settled||stop|-1.0|stop|-1.0|1.0002|-2.3187|False
CHA|2026-05-29|ep_low_reclaim|2026-06-05|5|minute_5|11.35|11.3|settled||stop|-1.0|stop|-1.0|1.0|-1.0|False
CHRN|2026-08-27|ep_low_reclaim|2026-08-28|1|minute_5|20.67|20.51|settled||stop|-1.0|stop|-1.0|6.0325|-1.0625|True
CHRN|2026-08-27|ep_close_620_prox|2026-08-28|1|minute_5|21.675|21.4|settled||stop|-1.0|stop|-1.0|0.0|-2.3455|False
CHTR|2026-06-29|ep_low_reclaim|2026-06-30|1|minute_5|143.73|140.51|settled||stop|-1.0|stop|-1.0|0.4113|-1.0807|False
CLF|2026-07-23|ep_high_break|2026-07-24|1|daily|11.465|10.6|settled||stop|-1.0|trail_exit|0.5029|1.6069|-1.2081|False
CLF|2026-07-23|ep_close_620_prox|2026-07-24|1|minute_5|11.13|11.03|settled||stop|-1.0|stop|-1.0|13.35|-2.65|True
CLF|2026-07-23|ep_close_reclaim|2026-08-03|7|minute_5|11.005|10.865|settled||stop|-1.0|trail_exit|6.3929|13.2143|-4.1786|True
CLF|2026-07-23|ep_low_reclaim|2026-08-20|20|minute_5|10.655|10.42|abstain|window_open|||||||
CLSK|2026-07-14|ep_close_reclaim|2026-07-15|1|minute_5|13.485|13.37|settled||stop|-1.0|stop|-1.0|0.0435|-1.3487|False
CLSK|2026-07-14|ep_low_reclaim|2026-07-16|2|minute_5|12.8099|12.775|settled||stop|-1.0|stop|-1.0|2.7249|-1.4298|False
CLSK|2026-07-14|ep_close_620_prox|2026-07-16|2|minute_5|13.58|13.37|settled||stop|-1.0|stop|-1.0|0.3571|-1.119|False
COHU|2026-07-31|ep_low_reclaim|2026-08-03|1|minute_5|47.795|45.5423|settled||time_exit|-0.7524|trail_exit|0.4639|6.985|-0.8101|True
COHU|2026-07-31|ep_close_620_prox|2026-08-03|1|minute_5|48.805|45.5423|settled||time_exit|-0.8291|trail_exit|0.0107|4.5131|-0.8689|True
CORT|2026-07-30|ep_close_reclaim|2026-08-18|13|minute_5|118.55|107.32|abstain|window_open|||||||
CORT|2026-07-30|ep_close_620_prox|2026-08-18|13|minute_5|118.6|116.595|settled||stop|-1.0|stop|-1.0|1.5561|-1.1405|False
CORZ|2026-07-28|ep_low_reclaim|2026-07-30|2|minute_5|20.705|17.915|settled||stop|-1.0|trail_exit|0.3961|1.0376|-1.0108|False
CORZ|2026-07-28|ep_close_620_prox|2026-07-31|3|minute_5|21.025|20.72|settled||stop|-1.0|stop|-1.0|1.1148|-1.0328|False
CPA|2026-05-14|ep_close_reclaim|2026-05-18|2|minute_5|135.8|130.25|settled||stop|-1.0|stop|-1.0|0.1297|-1.5405|False
CPA|2026-05-14|ep_close_620_prox|2026-05-18|2|minute_5|133.7|132.0|settled||stop|-1.0|stop|-1.0|0.4941|-1.172|False
CRCL|2026-07-10|ep_low_reclaim|2026-07-13|1|minute_5|65.31|63.3|settled||stop|-1.0|stop|-1.0|0.1741|-1.0796|False
CRCL|2026-07-10|ep_close_620_prox|2026-07-13|1|minute_5|63.835|62.72|settled||stop|-1.0|stop|-1.0|2.0314|-1.0179|False
CRMD|2026-05-14|ep_low_reclaim|2026-05-18|2|minute_5|7.88|7.505|settled||time_exit|2.08|trail_exit|0.7733|3.2136|-0.96|False
CRMD|2026-05-14|ep_close_620_prox|2026-05-19|3|minute_5|7.89|7.795|settled||stop|-1.0|stop|-1.0|0.6842|-1.3158|False
CRMD|2026-08-13|ep_low_reclaim|2026-08-14|1|minute_5|7.785|7.7|settled||stop|-1.0|stop|-1.0|2.2753|-1.0588|False
CRMD|2026-08-13|ep_close_620_prox|2026-08-18|3|minute_5|8.175|7.71|abstain|window_open|||||||
CRSR|2026-05-27|ep_high_break|2026-05-28|1|daily|9.9|8.4|settled||stop|-1.0|trail_exit|0.0133|2.1333|-1.2333|False
CRSR|2026-05-27|ep_close_reclaim|2026-06-04|6|minute_5|9.87|9.8|settled||stop|-1.0|stop|-1.0|1.3571|-1.2857|False
CRSR|2026-05-27|ep_close_620_prox|2026-06-04|6|minute_5|9.84|9.78|settled||stop|-1.0|stop|-1.0|0.0|-1.9167|False
CRSR|2026-05-27|ep_low_reclaim|2026-06-09|9|minute_5|8.41|8.05|settled||time_exit|3.1667|trail_exit|0.0|4.3056|-0.6611|True
CRSR|2026-08-07|ep_low_reclaim|2026-08-25|12|minute_5|11.83|10.7258|abstain|window_open|||||||
CRWD|2026-08-27|ep_close_reclaim|2026-08-31|2|minute_5|233.275|210.53|abstain|window_open|||||||
CRWV|2026-08-12|ep_close_reclaim|2026-08-13|1|minute_5|111.605|107.12|settled||stop|-1.0|stop|-1.0|1.3122|-1.0067|False
CRWV|2026-08-12|ep_low_reclaim|2026-08-14|2|minute_5|105.495|105.03|settled||stop|-1.0|stop|-1.0|1.9462|-3.7527|False
CRWV|2026-08-12|ep_close_620_prox|2026-08-14|2|minute_5|107.945|106.06|settled||stop|-1.0|stop|-1.0|1.2493|-1.191|False
CSCO|2026-05-14|ep_close_reclaim|2026-05-15|1|minute_5|116.7614|114.0|settled||stop|-1.0|stop|-1.0|0.9519|-1.0543|False
CSCO|2026-05-14|ep_close_620_prox|2026-05-15|1|minute_5|116.79|114.0|settled||stop|-1.0|stop|-1.0|0.9319|-1.0538|False
CSCO|2026-05-14|ep_low_reclaim|2026-05-20|4|minute_5|113.985|113.85|settled||stop|-1.0|stop|-1.0|34.1852|-3.0741|False
DCTH|2026-08-06|ep_high_break|2026-08-07|1|minute_5|15.62|14.0|abstain|window_open|||||||
DCTH|2026-08-06|ep_close_reclaim|2026-08-07|1|minute_5|15.48|15.415|settled||stop|-1.0|stop|-1.0|1.8462|-1.3077|False
DCTH|2026-08-06|ep_close_620_prox|2026-08-07|1|minute_5|15.215|15.18|settled||stop|-1.0|stop|-1.0|1.2857|-1.8571|False
DELL|2026-05-29|ep_high_break|2026-06-01|1|daily|429.151|402.27|settled||stop|-1.0|stop|-1.0|1.4999|-1.1216|False
DELL|2026-05-29|ep_close_reclaim|2026-06-03|3|minute_5|421.445|407.0|settled||stop|-1.0|stop|-1.0|0.6269|-1.5538|False
DELL|2026-05-29|ep_close_620_prox|2026-06-03|3|minute_5|414.7495|407.0|settled||stop|-1.0|stop|-1.0|2.0325|-2.0323|False
DELL|2026-05-29|ep_low_reclaim|2026-06-04|4|minute_5|408.385|399.0|settled||stop|-1.0|stop|-1.0|2.3564|-2.3559|False
DFTX|2026-06-22|ep_close_reclaim|2026-06-23|1|minute_5|37.29|36.04|settled||stop|-1.0|stop|-1.0|0.344|-1.032|False
DFTX|2026-06-22|ep_close_620_prox|2026-06-23|1|minute_5|36.755|35.25|settled||time_exit|4.5947|trail_exit|4.5814|8.2691|-0.4286|True
DOCN|2026-07-07|ep_close_reclaim|2026-07-08|1|minute_5|140.62|136.26|settled||stop|-1.0|stop|-1.0|0.3165|-1.055|False
DOCN|2026-07-07|ep_low_reclaim|2026-07-08|1|minute_5|136.61|136.02|settled||stop|-1.0|stop|-1.0|2.322|-1.0339|False
DOCN|2026-07-07|ep_close_620_prox|2026-07-08|1|minute_5|136.438|134.5|settled||stop|-1.0|trail_exit|2.0805|6.1698|-3.8947|True
DRTS|2026-05-11|ep_close_reclaim|2026-05-14|3|minute_5|10.345|9.305|settled||stop|-1.0|trail_exit|-0.2933|1.226|-1.4279|False
DRTS|2026-05-11|ep_close_620_prox|2026-05-14|3|minute_5|10.18|9.45|settled||stop|-1.0|trail_exit|-0.1918|1.9726|-1.8082|False
DRTS|2026-05-11|ep_low_reclaim|2026-06-02|15|minute_5|9.3|9.05|settled||stop|-1.0|stop|-1.0|0.12|-1.0|False
DY|2026-05-27|ep_close_reclaim|2026-05-28|1|minute_5|539.515|523.75|settled||stop|-1.0|stop|-1.0|0.7831|-2.4631|False
DYN|2026-05-20|ep_close_reclaim|2026-05-21|1|minute_5|17.58|16.99|settled||stop|-1.0|trail_exit|-0.3559|3.4407|-1.0508|False
DYN|2026-05-20|ep_close_620_prox|2026-05-22|2|minute_5|17.71|17.15|settled||stop|-1.0|trail_exit|-0.6071|3.3929|-1.3393|False
ECG|2026-08-05|ep_close_reclaim|2026-08-06|1|minute_5|140.8|137.5|settled||stop|-1.0|stop|-1.0|1.2667|-1.3|False
ECG|2026-08-05|ep_close_620_prox|2026-08-06|1|minute_5|140.68|137.5|settled||stop|-1.0|stop|-1.0|1.0786|-1.3113|False
ECG|2026-08-05|ep_low_reclaim|2026-08-07|2|minute_5|137.31|137.135|settled||stop|-1.0|stop|-1.0|3.4857|-2.4571|False
EFOR|2026-07-22|ep_low_reclaim|2026-07-23|1|minute_5|20.145|19.87|settled||stop|-1.0|stop|-1.0|0.3455|-1.0545|False
EFOR|2026-07-22|ep_close_620_prox|2026-07-23|1|minute_5|19.86|19.75|settled||stop|-1.0|stop|-1.0|2.1818|-2.1818|False
ELVN|2026-06-11|ep_low_reclaim|2026-06-12|1|minute_5|41.76|39.0|settled||time_exit|3.6123|time_exit|3.6123|3.8514|-0.3207|False
EME|2026-07-30|ep_high_break|2026-07-31|1|minute_5|808.7204|771.66|settled||stop|-1.0|trail_exit|0.4266|1.514|-1.348|False
EME|2026-07-30|ep_close_620_prox|2026-07-31|1|minute_5|809.63|804.95|settled||stop|-1.0|stop|-1.0|0.3077|-2.609|False
EME|2026-07-30|ep_close_reclaim|2026-08-03|2|minute_5|806.3|775.05|settled||stop|-1.0|trail_exit|0.5834|1.873|-1.5212|False
EME|2026-07-30|ep_low_reclaim|2026-08-25|18|minute_5|775.34|758.7615|settled||stop|-1.0|stop|-1.0|0.1532|-1.2257|False
EOSE|2026-05-13|ep_low_reclaim|2026-05-14|1|minute_5|8.2007|7.41|settled||stop|-1.0|stop|-1.0|0.3785|-1.1391|False
EOSE|2026-05-13|ep_close_620_prox|2026-05-15|2|minute_5|7.935|7.5903|settled||stop|-1.0|stop|-1.0|0.4497|-1.8422|False
EROC|2026-08-12|ep_high_break|2026-08-13|1|daily|14.28|12.7335|settled||stop|-1.0|stop|-1.0|2.2438|-1.0346|False
EROC|2026-08-12|ep_close_620_prox|2026-08-19|5|minute_5|14.4|14.31|settled||stop|-1.0|stop|-1.0|5.1111|-1.1111|True
EROC|2026-08-12|ep_close_reclaim|2026-08-20|6|minute_5|13.825|13.8|settled||stop|-1.0|stop|-1.0|5.0|-2.44|True
EROC|2026-08-12|ep_low_reclaim|2026-08-20|6|minute_5|12.74|12.68|settled||stop|-1.0|trail_exit|4.5|28.6667|-4.8333|True
ETON|2026-08-14|ep_close_reclaim|2026-08-17|1|minute_5|60.7367|56.65|abstain|window_open|||||||
ETON|2026-08-14|ep_close_620_prox|2026-08-21|5|minute_5|60.23|59.76|settled||stop|-1.0|stop|-1.0|13.0638|-4.05|True
EVTC|2026-05-19|ep_low_reclaim|2026-05-20|1|minute_5|24.045|23.58|settled||stop|-1.0|trail_exit|1.2151|3.3441|-4.0323|False
EVTC|2026-05-19|ep_close_620_prox|2026-05-21|2|minute_5|24.33|23.77|settled||stop|-1.0|trail_exit|0.5714|1.6607|-1.2125|False
FCEL|2026-06-24|ep_low_reclaim|2026-06-25|1|minute_5|20.71|20.18|settled||stop|-1.0|stop|-1.0|0.1468|-1.7736|False
FCEL|2026-06-24|ep_close_620_prox|2026-07-08|9|minute_5|22.82|20.59|settled||stop|-1.0|trail_exit|-0.1256|0.7758|-1.139|False
FET|2026-07-31|ep_close_reclaim|2026-08-03|1|minute_5|65.04|62.64|settled||time_exit|7.0542|trail_exit|5.65|9.325|-0.075|True
FIG|2026-05-15|ep_close_reclaim|2026-05-18|1|minute_5|23.22|21.6|settled||stop|-1.0|stop|-1.0|1.6173|-1.1173|False
FIG|2026-05-15|ep_close_620_prox|2026-05-18|1|minute_5|23.09|21.6|settled||stop|-1.0|stop|-1.0|1.8456|-1.1275|False
FIG|2026-05-15|ep_low_reclaim|2026-05-27|7|minute_5|21.34|21.22|settled||stop|-1.0|stop|-1.0|0.3333|-2.0833|False
FIGS|2026-08-07|ep_low_reclaim|2026-08-10|1|minute_5|14.78|14.04|settled||stop|-1.0|stop|-1.0|0.228|-1.182|False
FIGS|2026-08-07|ep_close_620_prox|2026-08-10|1|minute_5|14.15|13.86|settled||stop|-1.0|stop|-1.0|1.5172|-2.0355|False
FLNC|2026-07-31|ep_low_reclaim|2026-08-03|1|minute_5|13.65|13.25|settled||stop|-1.0|trail_exit|1.45|5.475|-2.4|True
FLNC|2026-07-31|ep_close_620_prox|2026-08-06|4|minute_5|13.81|12.69|settled||stop|-1.0|trail_exit|-0.5357|0.1339|-1.1071|False
FPS|2026-05-14|ep_low_reclaim|2026-05-20|4|minute_5|44.66|41.7626|settled||time_exit|6.4713|trail_exit|2.9475|7.2116|-0.799|True
FRMI|2026-08-11|ep_high_break|2026-08-12|1|daily|7.3899|6.78|settled||stop|-1.0|stop|-1.0|0.4675|-1.4263|False
FRMI|2026-08-11|ep_close_reclaim|2026-08-13|2|minute_5|7.13|7.03|settled||stop|-1.0|stop|-1.0|0.2|-2.2|False
FRMI|2026-08-11|ep_low_reclaim|2026-08-13|2|minute_5|6.905|6.73|settled||stop|-1.0|stop|-1.0|0.0154|-1.2286|False
FRMI|2026-08-11|ep_close_620_prox|2026-08-13|2|minute_5|6.8262|6.69|settled||stop|-1.0|stop|-1.0|0.4684|-1.0|False
FROG|2026-08-07|ep_close_reclaim|2026-08-10|1|minute_5|89.73|85.3|abstain|window_open|||||||
FROG|2026-08-07|ep_close_620_prox|2026-08-11|2|minute_5|87.3|86.61|settled||stop|-1.0|stop|-1.0|0.0942|-1.3913|False
FTK|2026-08-03|ep_high_break|2026-08-04|1|minute_5|26.88|24.54|settled||stop|-1.0|trail_exit|0.7607|5.4658|-1.453|True
FTK|2026-08-03|ep_close_reclaim|2026-08-04|1|minute_5|26.805|26.27|settled||stop|-1.0|trail_exit|3.4673|24.0467|-3.4486|True
FTK|2026-08-03|ep_low_reclaim|2026-08-20|13|minute_5|24.78|23.85|settled||stop|-1.0|stop|-1.0|0.0161|-1.0538|False
FTNT|2026-07-30|ep_close_reclaim|2026-07-31|1|minute_5|154.73|153.61|settled||stop|-1.0|trail_exit|5.4554|15.5|-2.7411|True
FTNT|2026-07-30|ep_close_620_prox|2026-08-17|12|minute_5|156.17|155.57|settled||stop|-1.0|trail_exit|-0.5333|6.3332|-7.5167|True
FTNT|2026-07-30|ep_low_reclaim|2026-08-19|14|minute_5|153.01|151.66|settled||stop|-1.0|trail_exit|-0.1185|1.0593|-2.1111|False
FUTU|2026-05-26|ep_close_reclaim|2026-05-27|1|minute_5|108.25|103.54|settled||stop|-1.0|trail_exit|0.4183|2.0276|-1.7197|False
FUTU|2026-05-26|ep_close_620_prox|2026-05-28|2|minute_5|105.22|104.35|settled||stop|-1.0|stop|-1.0|0.8276|-1.1724|False
FUTU|2026-05-26|ep_low_reclaim|2026-06-02|5|minute_5|98.1|97.6|settled||stop|-1.0|stop|-1.0|0.54|-1.6|False
GEMI|2026-05-15|ep_low_reclaim|2026-05-18|1|minute_5|5.561|5.22|settled||stop|-1.0|stop|-1.0|0.173|-1.2346|False
GH|2026-05-20|ep_close_reclaim|2026-05-21|1|minute_5|115.165|111.2|settled||time_exit|3.4464|trail_exit|2.6343|5.002|-0.1274|True
GH|2026-05-20|ep_close_620_prox|2026-05-21|1|minute_5|117.5951|111.2|settled||time_exit|1.7568|trail_exit|1.2533|2.7213|-0.3589|False
GLBE|2026-08-12|ep_close_reclaim|2026-08-13|1|minute_5|40.9|40.375|settled||stop|-1.0|trail_exit|0.5333|3.5143|-1.3524|False
GLBE|2026-08-12|ep_close_620_prox|2026-08-18|4|minute_5|41.195|40.96|settled||stop|-1.0|trail_exit|0.4894|4.8298|-4.2766|True
GLBE|2026-08-12|ep_low_reclaim|2026-08-25|9|minute_5|39.66|38.96|settled||stop|-1.0|trail_exit|-0.3286|0.5643|-1.2286|False
GLOB|2026-05-15|ep_close_reclaim|2026-05-18|1|minute_5|38.9875|37.19|settled||stop|-1.0|trail_exit|0.4798|3.1446|-1.5174|False
GLOB|2026-05-15|ep_close_620_prox|2026-05-18|1|minute_5|39.62|37.19|settled||stop|-1.0|trail_exit|0.0947|2.0658|-1.3827|False
GLOB|2026-05-15|ep_low_reclaim|2026-06-09|16|minute_5|37.3048|37.1|settled||stop|-1.0|stop|-1.0|-0.1699|-1.0488|False
GO|2026-05-14|ep_close_reclaim|2026-05-15|1|minute_5|7.685|7.57|settled||stop|-1.0|stop|-1.0|0.1739|-1.3913|False
GO|2026-05-14|ep_low_reclaim|2026-05-18|2|minute_5|7.585|7.235|settled||time_exit|6.5571|trail_exit|0.0143|6.5857|-0.2571|True
GRND|2026-07-01|ep_low_reclaim|2026-07-02|1|minute_5|15.42|15.2147|settled||stop|-1.0|stop|-1.0|4.5787|-1.5329|True
GRND|2026-07-01|ep_close_620_prox|2026-07-02|1|minute_5|15.6|15.2147|settled||stop|-1.0|stop|-1.0|1.9725|-1.2839|False
GRRR|2026-06-02|ep_low_reclaim|2026-07-01|20|minute_5|21.0|15.4164|settled||stop|-1.0|trail_exit|-0.5964|0.0179|-1.6647|False
HAS|2026-07-21|ep_close_reclaim|2026-07-22|1|minute_5|89.61|88.5|settled||stop|-1.0|stop|-1.0|0.3423|-1.4324|False
HAS|2026-07-21|ep_close_620_prox|2026-07-22|1|minute_5|89.04|87.78|settled||stop|-1.0|stop|-1.0|0.0635|-1.8571|False
HGTY|2026-08-05|ep_close_620_prox|2026-08-06|1|minute_5|13.4|13.0393|settled||stop|-1.0|stop|-1.0|1.4971|-1.8852|False
HGTY|2026-08-05|ep_close_reclaim|2026-08-07|2|minute_5|13.555|13.0393|settled||stop|-1.0|stop|-1.0|0.7466|-1.6192|False
HGTY|2026-08-05|ep_low_reclaim|2026-08-12|5|minute_5|12.66|12.64|settled||stop|-1.0|stop|-1.0|-0.75|-1.0|False
HLIT|2026-05-12|ep_close_reclaim|2026-05-13|1|minute_5|13.12|12.68|settled||stop|-1.0|stop|-1.0|1.6591|-1.5795|False
HLIT|2026-05-12|ep_close_620_prox|2026-05-13|1|minute_5|13.165|12.68|settled||stop|-1.0|stop|-1.0|1.4124|-1.5258|False
HLIT|2026-05-12|ep_low_reclaim|2026-05-15|3|minute_5|12.565|12.425|settled||stop|-1.0|trail_exit|-0.1786|1.3779|-2.3071|False
HLIT|2026-08-13|ep_close_reclaim|2026-08-18|3|minute_5|13.1425|12.93|settled||stop|-1.0|stop|-1.0|0.5529|-1.1412|False
HLIT|2026-08-13|ep_low_reclaim|2026-08-18|3|minute_5|12.777|12.725|settled||stop|-1.0|stop|-1.0|1.0192|-1.0|False
HPE|2026-06-02|ep_low_reclaim|2026-06-03|1|minute_5|53.55|53.39|settled||stop|-1.0|stop|-1.0|0.3125|-2.9375|False
HQ|2026-06-15|ep_close_reclaim|2026-06-16|1|minute_5|18.38|17.17|settled||time_exit|2.1074|trail_exit|4.0909|22.0|-0.9174|True
HRB|2026-08-12|ep_low_reclaim|2026-08-13|1|minute_5|52.455|52.27|settled||stop|-1.0|stop|-1.0|0.8919|-1.0541|False
HRB|2026-08-12|ep_close_620_prox|2026-08-14|2|minute_5|53.3|52.6|settled||stop|-1.0|stop|-1.0|1.65|-4.5571|False
HTFL|2026-08-14|ep_close_reclaim|2026-08-17|1|minute_5|42.825|41.23|settled||stop|-1.0|stop|-1.0|0.0627|-1.0313|False
HTFL|2026-08-14|ep_close_620_prox|2026-08-17|1|minute_5|42.05|41.18|settled||stop|-1.0|stop|-1.0|0.4138|-1.2016|False
HUT|2026-07-20|ep_high_break|2026-07-21|1|daily|107.0|99.1|settled||stop|-1.0|stop|-1.0|1.6937|-1.9494|False
HUT|2026-07-20|ep_close_reclaim|2026-07-27|5|minute_5|103.415|100.88|settled||stop|-1.0|stop|-1.0|0.5896|-4.6607|False
HUT|2026-07-20|ep_close_620_prox|2026-07-27|5|minute_5|102.98|100.88|settled||stop|-1.0|stop|-1.0|0.9189|-5.419|False
HUT|2026-07-20|ep_low_reclaim|2026-07-28|6|minute_5|100.21|91.6|settled||stop|-1.0|trail_exit|0.108|0.3287|-1.547|False
IBRX|2026-05-20|ep_close_620_prox|2026-05-26|3|minute_5|7.845|7.27|settled||stop|-1.0|trail_exit|-0.2174|0.7826|-1.0696|False
IBRX|2026-05-20|ep_low_reclaim|2026-05-27|4|minute_5|8.12|7.15|settled||stop|-1.0|trail_exit|-0.4124|0.1804|-1.0412|False
IDCC|2026-06-11|ep_close_reclaim|2026-06-12|1|minute_5|279.65|276.57|settled||stop|-1.0|stop|-1.0|7.2045|-1.3328|True
IDCC|2026-06-11|ep_close_620_prox|2026-06-24|8|minute_5|278.425|272.44|settled||stop|-1.0|trail_exit|-0.731|-0.0058|-1.4077|False
IDCC|2026-06-11|ep_low_reclaim|2026-06-25|9|minute_5|275.7537|271.98|settled||stop|-1.0|stop|-1.0|0.4866|-1.5247|False
IDR|2026-06-15|ep_close_reclaim|2026-06-16|1|minute_5|38.3|38.25|settled||stop|-1.0|stop|-1.0|19.18|-15.6|False
IDR|2026-06-15|ep_low_reclaim|2026-06-16|1|minute_5|39.259|37.52|settled||stop|-1.0|stop|-1.0|0.4836|-1.9086|False
IDR|2026-06-15|ep_close_620_prox|2026-06-16|1|minute_5|38.79|37.52|settled||stop|-1.0|stop|-1.0|1.0315|-2.2441|False
IMVT|2026-05-20|ep_close_reclaim|2026-05-21|1|minute_5|35.63|34.65|settled||stop|-1.0|stop|-1.0|-0.0102|-1.0714|False
IMVT|2026-05-20|ep_close_620_prox|2026-06-17|19|minute_5|35.11|33.69|settled||time_exit|3.6268|trail_exit|2.5282|4.3099|-0.6337|True
INFQ|2026-05-21|ep_high_break|2026-05-22|1|daily|16.09|13.39|settled||stop|-1.0|trail_exit|-0.5667|1.7259|-1.0889|False
INFQ|2026-05-21|ep_close_620_prox|2026-05-26|2|minute_5|15.37|15.06|settled||stop|-1.0|stop|-1.0|0.0645|-1.0968|False
INFQ|2026-05-21|ep_close_reclaim|2026-05-27|3|minute_5|14.805|14.66|settled||stop|-1.0|stop|-1.0|41.0|-3.4828|True
INFQ|2026-05-21|ep_low_reclaim|2026-06-09|12|minute_5|13.42|13.373|settled||stop|-1.0|stop|-1.0|0.8511|-1.0638|False
INOD|2026-08-07|ep_low_reclaim|2026-08-10|1|minute_5|61.535|60.51|settled||stop|-1.0|trail_exit|0.6732|4.5512|-1.3902|True
INOD|2026-08-07|ep_close_620_prox|2026-08-10|1|minute_5|63.2|60.51|settled||stop|-1.0|trail_exit|-0.3625|0.4238|-1.1487|False
INSM|2026-08-06|ep_close_reclaim|2026-08-10|2|minute_5|133.16|126.44|settled||stop|-1.0|stop|-1.0|0.3482|-1.0461|False
INSM|2026-08-06|ep_close_620_prox|2026-08-10|2|minute_5|132.98|129.5|settled||stop|-1.0|stop|-1.0|0.7241|-1.9684|False
INSM|2026-08-06|ep_low_reclaim|2026-08-13|5|minute_5|126.33|126.13|settled||stop|-1.0|stop|-1.0|2.575|-20.6|False
INSP|2026-08-04|ep_low_reclaim|2026-08-06|2|minute_5|59.695|59.385|settled||stop|-1.0|stop|-1.0|0.0|-2.1452|False
IREN|2026-07-20|ep_high_break|2026-07-21|1|daily|41.095|36.31|settled||stop|-1.0|trail_exit|0.0408|0.5486|-1.2989|False
IREN|2026-07-20|ep_close_620_prox|2026-07-21|1|minute_5|40.5699|40.34|settled||stop|-1.0|trail_exit|3.1322|13.702|-1.3915|False
IREN|2026-07-20|ep_low_reclaim|2026-07-27|5|minute_5|36.34|35.96|settled||stop|-1.0|stop|-1.0|0.8947|-1.7368|False
JBIO|2026-06-22|ep_close_reclaim|2026-06-23|1|minute_5|19.505|19.0|settled||time_exit|0.6832|trail_exit|3.5545|7.8911|-0.495|True
JBIO|2026-06-22|ep_close_620_prox|2026-07-20|19|minute_5|19.67|19.4|settled||stop|-1.0|stop|-1.0|0.2407|-1.537|False
JBL|2026-06-17|ep_low_reclaim|2026-06-18|1|minute_5|374.8899|370.01|settled||stop|-1.0|stop|-1.0|0.6721|-1.1537|False
JBL|2026-06-17|ep_close_620_prox|2026-06-22|2|minute_5|370.03|362.0|settled||stop|-1.0|stop|-1.0|0.9365|-1.3736|False
KC|2026-07-08|ep_close_reclaim|2026-07-09|1|minute_5|10.535|10.2366|settled||stop|-1.0|stop|-1.0|2.0945|-2.8318|False
KC|2026-07-08|ep_close_620_prox|2026-07-09|1|minute_5|10.495|10.2366|settled||stop|-1.0|stop|-1.0|2.5735|-3.1153|False
KC|2026-07-08|ep_low_reclaim|2026-07-15|5|minute_5|10.26|9.69|settled||stop|-1.0|stop|-1.0|0.4737|-1.7018|False
KLAR|2026-05-14|ep_low_reclaim|2026-05-15|1|minute_5|14.965|14.86|settled||stop|-1.0|stop|-1.0|14.4286|-1.2857|True
KLAR|2026-05-14|ep_close_620_prox|2026-05-22|6|minute_5|16.115|15.91|settled||stop|-1.0|trail_exit|4.0732|11.878|-1.7073|True
KMT|2026-08-05|ep_low_reclaim|2026-08-06|1|minute_5|34.14|33.15|settled||stop|-1.0|stop|-1.0|0.3939|-1.0|False
KMT|2026-08-05|ep_close_620_prox|2026-08-06|1|minute_5|33.845|33.15|settled||stop|-1.0|trail_exit|0.0072|0.9568|-1.3295|False
KODK|2026-08-05|ep_low_reclaim|2026-08-06|1|minute_5|9.3008|9.26|settled||stop|-1.0|stop|-1.0|0.4681|-1.2279|False
KODK|2026-08-05|ep_close_620_prox|2026-08-10|3|minute_5|9.83|9.71|settled||stop|-1.0|stop|-1.0|4.0|-2.3333|True
KSS|2026-05-28|ep_low_reclaim|2026-05-29|1|minute_5|14.8104|14.75|settled||stop|-1.0|stop|-1.0|1.0695|-3.9801|False
KSS|2026-05-28|ep_close_620_prox|2026-06-02|3|minute_5|15.84|14.98|settled||time_exit|3.407|trail_exit|2.186|4.3953|-0.8895|True
KTOS|2026-05-28|ep_low_reclaim|2026-05-29|1|minute_5|61.02|60.95|settled||stop|-1.0|stop|-1.0|1.0|-6.5714|False
KTOS|2026-05-28|ep_close_620_prox|2026-05-29|1|minute_5|63.69|60.08|settled||stop|-1.0|stop|-1.0|0.6953|-1.6039|False
KTOS|2026-08-05|ep_low_reclaim|2026-08-06|1|minute_5|56.615|54.04|settled||stop|-1.0|trail_exit|1.532|4.0718|-1.4699|True
KTOS|2026-08-05|ep_close_620_prox|2026-08-20|11|minute_5|56.64|56.23|settled||stop|-1.0|stop|-1.0|0.2927|-1.3415|False
KURA|2026-08-13|ep_low_reclaim|2026-08-14|1|minute_5|10.0717|9.92|abstain|window_open|||||||
KYMR|2026-06-25|ep_close_reclaim|2026-06-26|1|minute_5|116.66|113.5507|settled||stop|-1.0|stop|-1.0|0.7638|-1.0742|False
KYMR|2026-06-25|ep_low_reclaim|2026-06-29|2|minute_5|108.615|105.0|settled||time_exit|-0.6791|trail_exit|0.4938|3.3983|-0.9059|False
KYMR|2026-06-25|ep_close_620_prox|2026-06-30|3|minute_5|114.67|109.665|settled||stop|-1.0|stop|-1.0|0.4156|-1.0769|False
LFST|2026-08-06|ep_close_reclaim|2026-08-07|1|minute_5|10.725|10.52|abstain|window_open|||||||
LIFE|2026-08-04|ep_low_reclaim|2026-08-05|1|minute_5|25.33|23.95|abstain|window_open|||||||
LIND|2026-08-03|ep_high_break|2026-08-04|1|minute_5|34.5|30.77|settled||stop|-1.0|trail_exit|-0.2466|0.134|-1.1126|False
LIND|2026-08-03|ep_close_reclaim|2026-08-04|1|minute_5|33.16|32.78|settled||stop|-1.0|stop|-1.0|4.7105|-1.1316|True
LIND|2026-08-03|ep_close_620_prox|2026-08-10|5|minute_5|33.16|32.96|settled||stop|-1.0|stop|-1.0|0.15|-1.15|False
LIND|2026-08-03|ep_low_reclaim|2026-08-21|14|minute_5|30.805|30.6|settled||stop|-1.0|stop|-1.0|-0.122|-1.0|False
LPTH|2026-08-14|ep_close_reclaim|2026-08-17|1|minute_5|15.21|14.1926|settled||stop|-1.0|stop|-1.0|0.2654|-1.3564|False
LPTH|2026-08-14|ep_close_620_prox|2026-08-17|1|minute_5|14.95|14.1926|settled||stop|-1.0|stop|-1.0|0.0528|-1.4787|False
LPTH|2026-08-14|ep_low_reclaim|2026-08-18|2|minute_5|14.3|13.83|settled||stop|-1.0|stop|-1.0|1.4043|-3.0213|False
LRCX|2026-07-30|ep_close_reclaim|2026-07-31|1|minute_5|302.02|294.33|settled||stop|-1.0|stop|-1.0|0.4486|-1.1821|False
LRCX|2026-07-30|ep_close_620_prox|2026-07-31|1|minute_5|301.32|294.33|settled||stop|-1.0|stop|-1.0|0.5937|-1.2003|False
LRCX|2026-07-30|ep_low_reclaim|2026-08-03|2|minute_5|294.66|276.8447|settled||time_exit|0.3834|trail_exit|-0.0028|2.8414|-0.4008|False
LZB|2026-06-17|ep_low_reclaim|2026-06-18|1|minute_5|40.435|39.62|settled||stop|-1.0|stop|-1.0|1.2209|-1.2086|False
LZB|2026-06-17|ep_close_620_prox|2026-06-22|2|minute_5|40.28|39.36|settled||stop|-1.0|stop|-1.0|2.2337|-1.2935|False
MANE|2026-07-15|ep_low_reclaim|2026-07-16|1|minute_5|124.0|115.241|settled||stop|-1.0|stop|-1.0|0.133|-1.0743|False
MLTX|2026-06-22|ep_close_reclaim|2026-06-23|1|minute_5|22.21|20.65|settled||stop|-1.0|stop|-1.0|0.0448|-2.1474|False
MLTX|2026-06-22|ep_close_620_prox|2026-06-23|1|minute_5|21.68|20.65|settled||stop|-1.0|stop|-1.0|0.0243|-2.7379|False
MLTX|2026-06-22|ep_low_reclaim|2026-06-24|2|minute_5|19.99|18.86|settled||stop|-1.0|trail_exit|-0.0708|0.4071|-1.2566|False
MMYT|2026-06-15|ep_low_reclaim|2026-06-16|1|minute_5|46.261|44.6141|settled||time_exit|4.8206|trail_exit|5.7617|8.7492|-0.8021|True
MMYT|2026-06-15|ep_close_620_prox|2026-06-16|1|minute_5|46.005|44.6141|settled||time_exit|5.8919|trail_exit|7.0063|10.5435|-0.7657|True
MNDY|2026-05-11|ep_close_reclaim|2026-05-12|1|minute_5|77.215|74.37|settled||stop|-1.0|stop|-1.0|0.1002|-1.0422|False
MNDY|2026-05-11|ep_low_reclaim|2026-05-12|1|minute_5|73.195|72.42|settled||stop|-1.0|stop|-1.0|1.8129|-1.271|False
MNDY|2026-05-11|ep_close_620_prox|2026-05-20|7|minute_5|77.3|73.55|settled||stop|-1.0|trail_exit|1.7227|5.3333|-1.2027|True
MPWR|2026-07-31|ep_low_reclaim|2026-08-04|2|minute_5|1406.79|1305.01|settled||stop|-1.0|trail_exit|-0.7051|0.5718|-1.0176|False
MPWR|2026-07-31|ep_close_620_prox|2026-08-07|5|minute_5|1397.49|1370.95|settled||stop|-1.0|stop|-1.0|2.5433|-1.4879|False
MRAM|2026-05-11|ep_close_reclaim|2026-05-12|1|minute_5|40.615|35.0|settled||stop|-1.0|stop|-1.0|0.0436|-1.0748|False
MRAM|2026-05-11|ep_low_reclaim|2026-05-18|5|minute_5|33.95|33.3301|settled||stop|-1.0|stop|-1.0|1.6293|-1.0486|False
MRLN|2026-06-05|ep_close_reclaim|2026-06-08|1|minute_5|8.635|8.5|settled||stop|-1.0|stop|-1.0|0.8148|-6.1852|False
MRLN|2026-06-05|ep_low_reclaim|2026-06-08|1|minute_5|8.43|7.5|settled||stop|-1.0|stop|-1.0|0.0323|-1.5699|False
MRVL|2026-06-02|ep_high_break|2026-06-03|1|daily|291.3|252.43|settled||stop|-1.0|stop|-1.0|0.8464|-1.2169|False
MRVL|2026-06-02|ep_close_reclaim|2026-06-04|2|minute_5|293.4899|277.56|settled||stop|-1.0|stop|-1.0|1.7583|-2.0151|False
MRVL|2026-06-02|ep_close_620_prox|2026-06-05|3|minute_5|284.51|281.0|settled||stop|-1.0|stop|-1.0|0.0684|-1.2821|False
MRVL|2026-06-02|ep_low_reclaim|2026-06-09|5|minute_5|253.39|244.0|settled||stop|-1.0|trail_exit|-0.0852|8.1459|-1.7242|True
MRVL|2026-08-19|ep_close_reclaim|2026-08-20|1|minute_5|241.47|237.01|settled||stop|-1.0|stop|-1.0|0.9036|-1.5567|False
MRVL|2026-08-19|ep_close_620_prox|2026-08-21|2|minute_5|235.805|234.34|settled||stop|-1.0|stop|-1.0|0.3855|-1.3549|False
MRVL|2026-08-19|ep_low_reclaim|2026-08-24|3|minute_5|228.215|220.4201|settled||stop|-1.0|stop|-1.0|3.3849|-1.6248|False
MRX|2026-08-12|ep_high_break|2026-08-13|1|daily|71.62092|62.6|abstain|window_open|||||||
MRX|2026-08-12|ep_close_reclaim|2026-08-14|2|minute_5|71.65|70.92|settled||stop|-1.0|stop|-1.0|0.4932|-1.3151|False
MRX|2026-08-12|ep_close_620_prox|2026-08-18|4|minute_5|71.7|69.49|settled||stop|-1.0|stop|-1.0|0.9276|-1.0271|False
MTW|2026-08-07|ep_close_reclaim|2026-08-10|1|minute_5|19.125|18.3501|abstain|window_open|||||||
MTW|2026-08-07|ep_close_620_prox|2026-08-10|1|minute_5|18.825|18.3501|abstain|window_open|||||||
MU|2026-06-25|ep_low_reclaim|2026-06-26|1|minute_5|1136.7599|1126.52|settled||stop|-1.0|stop|-1.0|6.0501|-1.5039|True
NAVN|2026-06-11|ep_low_reclaim|2026-06-18|5|minute_5|22.04|18.35|settled||time_exit|1.542|trail_exit|0.8808|1.6748|-0.336|False
NAVN|2026-06-11|ep_close_620_prox|2026-06-18|5|minute_5|21.98|20.8|settled||time_exit|4.8729|trail_exit|2.8051|5.2881|-0.8559|True
NBIS|2026-08-12|ep_close_reclaim|2026-08-13|1|minute_5|270.758|255.47|settled||stop|-1.0|stop|-1.0|0.3403|-1.0948|False
NBIS|2026-08-12|ep_close_620_prox|2026-08-13|1|minute_5|256.24|254.02|settled||stop|-1.0|stop|-1.0|0.2252|-1.5676|False
NBIS|2026-08-12|ep_low_reclaim|2026-08-19|5|minute_5|217.225|215.5|settled||stop|-1.0|stop|-1.0|0.5652|-1.1449|False
NESR|2026-08-10|ep_close_reclaim|2026-08-11|1|minute_5|35.8557|35.0|settled||stop|-1.0|stop|-1.0|1.0684|-1.2688|False
NESR|2026-08-10|ep_close_620_prox|2026-08-11|1|minute_5|35.3|35.0|settled||stop|-1.0|stop|-1.0|4.6333|-1.7667|False
NET|2026-08-07|ep_low_reclaim|2026-08-10|1|minute_5|298.97|294.6|settled||stop|-1.0|stop|-1.0|0.0915|-1.9405|False
NET|2026-08-07|ep_close_620_prox|2026-08-17|6|minute_5|306.585|303.99|settled||stop|-1.0|stop|-1.0|1.3008|-3.4499|False
NMAX|2026-08-14|ep_low_reclaim|2026-08-17|1|minute_5|9.905|9.8609|settled||stop|-1.0|stop|-1.0|0.5669|-2.8345|False
NMAX|2026-08-14|ep_close_620_prox|2026-08-19|3|minute_5|10.8281|10.81|settled||stop|-1.0|stop|-1.0|-0.4475|-3.6133|False
NNE|2026-05-26|ep_low_reclaim|2026-05-28|2|minute_5|28.0605|26.48|settled||stop|-1.0|stop|-1.0|0.7969|-1.0316|False
NNE|2026-05-26|ep_close_620_prox|2026-05-28|2|minute_5|28.43|26.48|settled||stop|-1.0|stop|-1.0|0.4564|-1.0256|False
NNE|2026-07-27|ep_low_reclaim|2026-07-28|1|minute_5|16.24|15.2001|settled||stop|-1.0|trail_exit|-0.1731|0.0577|-1.4713|False
NRIX|2026-06-08|ep_low_reclaim|2026-06-09|1|minute_5|15.495|15.17|settled||stop|-1.0|stop|-1.0|0.32|-2.5385|False
NRIX|2026-06-08|ep_close_620_prox|2026-06-10|2|minute_5|15.48|15.24|settled||stop|-1.0|stop|-1.0|0.3333|-1.0625|False
NVCR|2026-07-23|ep_high_break|2026-07-24|1|minute_5|20.55|18.0|settled||stop|-1.0|stop|-1.0|0.2353|-1.0|False
NVCR|2026-07-23|ep_low_reclaim|2026-07-24|1|minute_5|18.09|17.84|settled||stop|-1.0|stop|-1.0|-0.08|-1.96|False
NVTS|2026-06-03|ep_low_reclaim|2026-06-04|1|minute_5|30.3099|28.6|settled||stop|-1.0|stop|-1.0|0.3159|-1.0643|False
OKLO|2026-05-26|ep_close_620_prox|2026-05-27|1|minute_5|66.315|65.37|settled||stop|-1.0|trail_exit|1.5926|4.9344|-2.149|True
OKLO|2026-05-26|ep_low_reclaim|2026-05-28|2|minute_5|68.2|65.37|settled||stop|-1.0|trail_exit|-0.0389|0.9816|-1.3837|False
OKTA|2026-08-27|ep_close_620_prox|2026-08-28|1|minute_5|169.88|167.77|settled||stop|-1.0|stop|-1.0|1.6777|-1.3104|False
OKTA|2026-08-27|ep_close_reclaim|2026-08-31|2|minute_5|173.16|164.5|abstain|window_open|||||||
OMER|2026-08-13|ep_close_reclaim|2026-08-14|1|minute_5|17.505|16.54|abstain|window_open|||||||
OMER|2026-08-13|ep_close_620_prox|2026-08-14|1|minute_5|17.06|16.54|abstain|window_open|||||||
ONTO|2026-08-07|ep_high_break|2026-08-10|1|minute_5|314.22|295.0|settled||stop|-1.0|stop|-1.0|-0.0333|-1.0666|False
ONTO|2026-08-07|ep_low_reclaim|2026-08-10|1|minute_5|295.08|293.72|settled||stop|-1.0|stop|-1.0|0.9706|-1.5|False
ONTO|2026-08-07|ep_close_620_prox|2026-08-18|7|minute_5|314.9|313.2|settled||stop|-1.0|stop|-1.0|-0.1676|-1.0118|False
OUST|2026-06-29|ep_close_reclaim|2026-06-30|1|minute_5|56.58|53.6801|settled||stop|-1.0|stop|-1.0|2.4863|-2.638|False
OUST|2026-06-29|ep_close_620_prox|2026-07-02|3|minute_5|54.81|53.58|settled||stop|-1.0|stop|-1.0|-0.0041|-1.0|False
OUST|2026-06-29|ep_low_reclaim|2026-07-07|5|minute_5|43.67|42.55|settled||stop|-1.0|trail_exit|0.3482|1.0089|-2.7411|False
PACS|2026-05-12|ep_close_reclaim|2026-05-13|1|minute_5|41.2|38.94|settled||stop|-1.0|stop|-1.0|0.5885|-1.6504|False
PACS|2026-05-12|ep_close_620_prox|2026-05-13|1|minute_5|41.1|38.94|settled||stop|-1.0|stop|-1.0|0.662|-1.6806|False
PACS|2026-05-12|ep_low_reclaim|2026-05-15|3|minute_5|37.67|37.5|settled||stop|-1.0|stop|-1.0|1.7647|-1.1765|False
PD|2026-05-29|ep_high_break|2026-06-01|1|daily|10.015|8.69|settled||stop|-1.0|stop|-1.0|0.517|-1.1736|False
PD|2026-05-29|ep_close_reclaim|2026-06-02|2|minute_5|10.0395|9.94|settled||stop|-1.0|stop|-1.0|1.8643|-1.3015|False
PD|2026-05-29|ep_close_620_prox|2026-06-02|2|minute_5|10.085|9.805|settled||stop|-1.0|stop|-1.0|0.3214|-3.7143|False
PD|2026-05-29|ep_low_reclaim|2026-06-09|7|minute_5|8.725|8.46|settled||stop|-1.0|trail_exit|0.0566|0.6038|-1.2264|False
PENG|2026-07-08|ep_high_break|2026-07-09|1|daily|80.0|63.7601|settled||stop|-1.0|trail_exit|-0.8639|0.6071|-1.2605|False
PENG|2026-07-08|ep_close_reclaim|2026-07-10|2|minute_5|79.2|77.8|settled||stop|-1.0|stop|-1.0|0.2857|-2.8214|False
PENG|2026-07-08|ep_close_620_prox|2026-07-13|3|minute_5|77.2267|74.04|settled||stop|-1.0|stop|-1.0|0.7102|-2.365|False
PENG|2026-07-08|ep_low_reclaim|2026-07-17|7|minute_5|64.1|59.53|settled||stop|-1.0|trail_exit|-0.8074|0.244|-2.6455|False
PGY|2026-06-04|ep_low_reclaim|2026-06-05|1|minute_5|14.22|14.1|settled||stop|-1.0|stop|-1.0|11.25|-1.1667|False
PGY|2026-06-04|ep_close_620_prox|2026-06-08|2|minute_5|15.18|14.08|settled||time_exit|1.7636|trail_exit|-0.6182|3.7818|-0.8727|False
PHR|2026-05-28|ep_low_reclaim|2026-05-29|1|minute_5|9.36|9.09|settled||stop|-1.0|stop|-1.0|0.2778|-1.0|False
PHR|2026-05-28|ep_close_620_prox|2026-06-03|4|minute_5|9.625|9.52|settled||stop|-1.0|stop|-1.0|4.9048|-2.3333|True
PLTR|2026-08-04|ep_close_reclaim|2026-08-05|1|minute_5|163.685|160.7|settled||stop|-1.0|stop|-1.0|0.8023|-1.1173|False
PLTR|2026-08-04|ep_close_620_prox|2026-08-05|1|minute_5|159.6275|158.53|settled||stop|-1.0|stop|-1.0|1.0854|-1.0729|False
PONY|2026-05-26|ep_high_break|2026-06-01|4|daily|10.4|9.93|settled||stop|-1.0|stop|-1.0|0.9574|-1.2553|False
PONY|2026-05-26|ep_close_620_prox|2026-06-04|7|minute_5|9.545|9.425|settled||stop|-1.0|trail_exit|0.125|0.375|-9.4583|False
PONY|2026-05-26|ep_low_reclaim|2026-06-05|8|minute_5|8.875|8.83|settled||stop|-1.0|stop|-1.0|0.7778|-1.4|False
POWI|2026-05-26|ep_close_reclaim|2026-05-27|1|minute_5|84.43|80.5571|settled||stop|-1.0|stop|-1.0|1.18|-1.069|False
POWI|2026-05-26|ep_close_620_prox|2026-05-27|1|minute_5|85.29|80.5571|settled||stop|-1.0|stop|-1.0|0.7839|-1.0564|False
POWI|2026-05-26|ep_low_reclaim|2026-06-05|8|minute_5|78.08|77.33|settled||stop|-1.0|stop|-1.0|0.2133|-1.32|False
PPTA|2026-05-22|ep_low_reclaim|2026-05-28|3|minute_5|25.37|25.0|settled||stop|-1.0|trail_exit|3.4595|6.6757|-2.0811|True
PPTA|2026-05-22|ep_close_620_prox|2026-06-02|6|minute_5|25.99|25.83|settled||stop|-1.0|stop|-1.0|0.5|-1.5|False
PRAA|2026-08-07|ep_low_reclaim|2026-08-10|1|minute_5|20.1|19.112|settled||stop|-1.0|stop|-1.0|0.081|-1.002|False
PRAA|2026-08-07|ep_close_620_prox|2026-08-19|8|minute_5|19.67|19.46|settled||stop|-1.0|stop|-1.0|-0.0952|-1.2381|False
PRG|2026-07-15|ep_close_reclaim|2026-07-16|1|minute_5|46.87|45.97|settled||stop|-1.0|stop|-1.0|0.9556|-1.5889|False
PRG|2026-07-15|ep_close_620_prox|2026-07-17|2|minute_5|45.765|45.6988|settled||stop|-1.0|stop|-1.0|0.0755|-2.4169|False
PRG|2026-07-15|ep_low_reclaim|2026-07-21|4|minute_5|45.43|44.99|settled||stop|-1.0|stop|-1.0|0.3977|-2.3864|False
PRGO|2026-08-05|ep_low_reclaim|2026-08-06|1|minute_5|12.695|12.46|settled||stop|-1.0|stop|-1.0|0.8723|-1.0|False
PRGO|2026-08-05|ep_close_620_prox|2026-08-17|8|minute_5|13.01|12.935|settled||stop|-1.0|stop|-1.0|1.4|-1.0667|False
PSIX|2026-08-07|ep_close_reclaim|2026-08-10|1|minute_5|40.94|40.0|settled||stop|-1.0|stop|-1.0|0.7021|-1.0106|False
PSIX|2026-08-07|ep_close_620_prox|2026-08-10|1|minute_5|40.685|39.9302|settled||stop|-1.0|stop|-1.0|4.6171|-1.8859|True
PSIX|2026-08-07|ep_low_reclaim|2026-08-18|7|minute_5|38.435|38.11|settled||stop|-1.0|stop|-1.0|0.2|-1.9538|False
PUBM|2026-08-07|ep_low_reclaim|2026-08-10|1|minute_5|17.17|16.63|settled||stop|-1.0|stop|-1.0|0.5556|-1.1111|False
PUBM|2026-08-07|ep_close_620_prox|2026-08-11|2|minute_5|17.48|17.425|settled||stop|-1.0|stop|-1.0|0.1818|-1.0909|False
PWR|2026-07-30|ep_high_break|2026-07-31|1|daily|679.8|634.51|settled||stop|-1.0|trail_exit|-0.155|0.9936|-1.5412|False
PWR|2026-07-30|ep_close_620_prox|2026-07-31|1|minute_5|665.395|661.82|settled||stop|-1.0|stop|-1.0|4.8154|-3.1147|False
PWR|2026-07-30|ep_close_reclaim|2026-08-03|2|minute_5|663.52|654.26|settled||stop|-1.0|trail_exit|1.0|6.6177|-3.0184|True
QBTS|2026-05-21|ep_high_break|2026-05-22|1|daily|25.83|21.61|settled||time_exit|-0.1896|trail_exit|0.4076|1.3555|-0.8246|False
QBTS|2026-05-21|ep_close_reclaim|2026-05-27|3|minute_5|25.87|25.695|settled||stop|-1.0|trail_exit|9.6|31.0286|-14.7714|True
QBTS|2026-07-27|ep_low_reclaim|2026-07-28|1|minute_5|17.795|17.26|settled||stop|-1.0|trail_exit|-0.2991|0.8131|-3.2243|False
QBTS|2026-07-27|ep_close_620_prox|2026-08-03|5|minute_5|20.05|18.0|settled||stop|-1.0|trail_exit|-0.2537|0.9512|-1.2683|False
QDEL|2026-06-29|ep_close_reclaim|2026-07-01|2|minute_5|18.51|16.94|settled||stop|-1.0|stop|-1.0|0.4204|-1.0191|False
QDEL|2026-06-29|ep_close_620_prox|2026-07-01|2|minute_5|18.615|17.6|settled||stop|-1.0|stop|-1.0|0.1823|-1.6798|False
QDEL|2026-06-29|ep_low_reclaim|2026-07-08|6|minute_5|16.745|16.33|settled||stop|-1.0|stop|-1.0|0.253|-1.241|False
QFIN|2026-05-27|ep_close_reclaim|2026-05-29|2|minute_5|15.81|14.78|settled||stop|-1.0|stop|-1.0|1.3982|-1.534|False
QNST|2026-08-07|ep_high_break|2026-08-10|1|minute_5|21.28|19.21|settled||stop|-1.0|trail_exit|-0.4396|0.4879|-1.1763|False
QNST|2026-08-07|ep_close_reclaim|2026-08-10|1|minute_5|21.09|21.05|settled||stop|-1.0|stop|-1.0|1.2475|-6.25|False
QNST|2026-08-07|ep_close_620_prox|2026-08-13|4|minute_5|20.86|20.72|settled||stop|-1.0|stop|-1.0|0.7143|-1.0714|False
QNST|2026-08-07|ep_low_reclaim|2026-08-28|15|minute_5|19.22|18.78|settled||stop|-1.0|trail_exit|-0.0909|0.7841|-1.2955|False
QUBT|2026-05-21|ep_high_break|2026-05-22|1|daily|11.445|10.32|settled||stop|-1.0|trail_exit|-0.2178|1.7289|-1.4533|False
QUBT|2026-05-21|ep_close_reclaim|2026-05-26|2|minute_5|11.575|11.37|settled||stop|-1.0|stop|-1.0|0.5366|-1.1951|False
QUBT|2026-05-21|ep_close_620_prox|2026-05-26|2|minute_5|11.56|11.265|settled||stop|-1.0|stop|-1.0|0.8814|-1.4915|False
QUBT|2026-05-21|ep_low_reclaim|2026-06-05|10|minute_5|10.3592|10.25|settled||stop|-1.0|stop|-1.0|0.2821|-1.0|False
QURE|2026-06-17|ep_close_reclaim|2026-06-23|3|minute_5|48.26|43.84|settled||stop|-1.0|trail_exit|-0.6991|0.5|-1.6086|False
QURE|2026-06-17|ep_close_620_prox|2026-06-24|4|minute_5|48.41|47.02|settled||stop|-1.0|stop|-1.0|1.482|-1.6115|False
QURE|2026-06-17|ep_low_reclaim|2026-07-02|10|minute_5|42.695|41.15|settled||stop|-1.0|trail_exit|-0.5728|0.1974|-1.0|False
RARE|2026-08-20|ep_close_reclaim|2026-08-24|2|minute_5|25.785|25.3|settled||stop|-1.0|trail_exit|-0.134|2.3299|-2.1736|False
RARE|2026-08-20|ep_close_620_prox|2026-08-24|2|minute_5|25.83|25.3|settled||stop|-1.0|trail_exit|-0.2075|2.0472|-2.074|False
RCAT|2026-05-28|ep_close_reclaim|2026-05-29|1|minute_5|14.17|12.35|settled||stop|-1.0|stop|-1.0|0.8901|-1.0481|False
RCAT|2026-05-28|ep_close_620_prox|2026-06-04|5|minute_5|14.3779|13.29|settled||stop|-1.0|stop|-1.0|0.7787|-1.9445|False
RCAT|2026-05-28|ep_low_reclaim|2026-06-11|10|minute_5|11.96|10.81|settled||stop|-1.0|trail_exit|0.0435|0.1739|-1.0|False
RDDT|2026-08-14|ep_low_reclaim|2026-08-17|1|minute_5|174.02|168.76|settled||stop|-1.0|stop|-1.0|0.1036|-1.0399|False
RDW|2026-05-26|ep_high_break|2026-05-27|1|daily|23.1|19.2|settled||stop|-1.0|stop|-1.0|0.9077|-1.2385|False
RDW|2026-05-26|ep_close_reclaim|2026-05-29|3|minute_5|22.105|21.665|settled||stop|-1.0|stop|-1.0|6.1023|-4.1023|True
RDW|2026-05-26|ep_close_620_prox|2026-06-02|5|minute_5|21.39|20.3|settled||stop|-1.0|stop|-1.0|0.0596|-2.8624|False
RDW|2026-05-26|ep_low_reclaim|2026-06-03|6|minute_5|19.725|19.19|settled||stop|-1.0|stop|-1.0|0.271|-1.4766|False
RDW|2026-08-06|ep_high_break|2026-08-07|1|daily|12.75|11.3102|settled||stop|-1.0|trail_exit|-0.2431|1.0001|-1.0765|False
RDW|2026-08-06|ep_close_reclaim|2026-08-20|10|minute_5|11.965|11.8|settled||stop|-1.0|stop|-1.0|0.3933|-1.1091|False
RDW|2026-08-06|ep_close_620_prox|2026-08-20|10|minute_5|11.9101|11.8|settled||stop|-1.0|stop|-1.0|0.5441|-1.1635|False
RDW|2026-08-06|ep_low_reclaim|2026-08-25|13|minute_5|11.32|11.28|settled||stop|-1.0|stop|-1.0|3.25|-2.2475|False
RIOT|2026-08-11|ep_close_reclaim|2026-08-12|1|minute_5|20.325|20.22|settled||stop|-1.0|stop|-1.0|0.619|-1.2514|False
RIOT|2026-08-11|ep_low_reclaim|2026-08-13|2|minute_5|19.35|19.0408|settled||stop|-1.0|trail_exit|-0.4528|0.6468|-2.8946|False
RIOT|2026-08-11|ep_close_620_prox|2026-08-13|2|minute_5|20.2201|19.75|settled||stop|-1.0|stop|-1.0|0.1274|-1.0425|False
RLAY|2026-05-21|ep_low_reclaim|2026-05-22|1|minute_5|13.93|13.52|settled||stop|-1.0|stop|-1.0|0.0488|-1.0|False
RLAY|2026-05-21|ep_close_620_prox|2026-05-22|1|minute_5|13.53|13.4143|settled||stop|-1.0|stop|-1.0|1.6422|-1.1236|False
ROCK|2026-08-05|ep_low_reclaim|2026-08-06|1|minute_5|50.9|50.53|settled||stop|-1.0|stop|-1.0|-0.0676|-1.4595|False
RPD|2026-08-11|ep_low_reclaim|2026-08-13|2|minute_5|12.8|11.6901|settled||stop|-1.0|trail_exit|-0.5361|0.9911|-1.3109|False
RPD|2026-08-11|ep_close_620_prox|2026-08-14|3|minute_5|12.96|12.885|settled||stop|-1.0|stop|-1.0|1.1333|-1.7333|False
RUM|2026-06-04|ep_low_reclaim|2026-06-08|2|minute_5|8.18|7.35|settled||stop|-1.0|trail_exit|-0.3735|0.1664|-1.253|False
RUM|2026-06-04|ep_close_620_prox|2026-06-08|2|minute_5|7.855|7.61|settled||stop|-1.0|trail_exit|0.0612|0.8367|-2.9184|False
RXT|2026-06-16|ep_close_reclaim|2026-06-17|1|minute_5|6.65|6.035|settled||stop|-1.0|trail_exit|-0.4715|3.1707|-1.5273|False
RXT|2026-06-16|ep_close_620_prox|2026-06-24|5|minute_5|6.6377|6.61|settled||stop|-1.0|stop|-1.0|1.5271|-1.722|False
RXT|2026-06-16|ep_low_reclaim|2026-06-26|7|minute_5|6.0|5.93|settled||stop|-1.0|stop|-1.0|0.0714|-1.1429|False
SAIC|2026-06-01|ep_low_reclaim|2026-06-02|1|minute_5|112.52|108.78|settled||stop|-1.0|trail_exit|0.3449|1.5775|-1.012|False
SAIC|2026-06-01|ep_close_620_prox|2026-06-04|3|minute_5|116.52|112.7005|settled||stop|-1.0|stop|-1.0|0.432|-1.0394|False
SCSC|2026-08-20|ep_low_reclaim|2026-08-25|3|minute_5|56.19|53.41|abstain|window_open|||||||
SCSC|2026-08-20|ep_close_620_prox|2026-08-28|6|minute_5|57.34|56.8|settled||stop|-1.0|stop|-1.0|0.5757|-1.2037|False
SE|2026-05-12|ep_high_break|2026-05-13|1|minute_5|98.0965|90.25|settled||stop|-1.0|stop|-1.0|0.2392|-1.3632|False
SE|2026-05-12|ep_close_reclaim|2026-05-13|1|minute_5|96.125|93.7|settled||stop|-1.0|stop|-1.0|0.2781|-1.1031|False
SE|2026-05-12|ep_low_reclaim|2026-05-14|2|minute_5|90.32|87.4|settled||stop|-1.0|trail_exit|-0.6815|0.1335|-1.3596|False
SE|2026-08-11|ep_low_reclaim|2026-08-13|2|minute_5|124.6199|124.21|settled||stop|-1.0|stop|-1.0|1.0737|-1.4879|False
SEDG|2026-06-30|ep_close_reclaim|2026-07-01|1|minute_5|59.57|56.7|settled||stop|-1.0|stop|-1.0|0.0035|-1.007|False
SEDG|2026-06-30|ep_low_reclaim|2026-07-01|1|minute_5|56.85|55.03|settled||stop|-1.0|trail_exit|-0.467|0.9423|-2.7473|False
SEDG|2026-06-30|ep_close_620_prox|2026-07-01|1|minute_5|56.8603|55.03|settled||stop|-1.0|trail_exit|-0.47|0.4366|-2.7374|False
SG|2026-07-17|ep_low_reclaim|2026-07-20|1|minute_5|6.775|6.62|settled||stop|-1.0|stop|-1.0|0.0968|-1.2581|False
SG|2026-07-17|ep_close_620_prox|2026-07-21|2|minute_5|6.835|6.575|settled||stop|-1.0|trail_exit|-0.1731|0.1923|-3.6346|False
SHAZ|2026-06-12|ep_high_break|2026-06-16|2|daily|74.815|65.75|settled||stop|-1.0|trail_exit|0.6823|2.5003|-1.1346|False
SIBN|2026-05-12|ep_close_reclaim|2026-05-13|1|minute_5|14.0|13.562|settled||stop|-1.0|trail_exit|1.0502|2.5114|-1.0731|False
SIBN|2026-05-12|ep_close_620_prox|2026-05-13|1|minute_5|14.13|13.562|settled||stop|-1.0|trail_exit|0.581|1.7077|-1.0563|False
SIMO|2026-07-30|ep_close_reclaim|2026-07-31|1|minute_5|257.145|250.0|settled||stop|-1.0|trail_exit|-0.4962|1.739|-3.084|False
SIMO|2026-07-30|ep_close_620_prox|2026-07-31|1|minute_5|262.7|250.0|settled||stop|-1.0|trail_exit|-0.7165|0.5409|-2.1724|False
SIMO|2026-07-30|ep_low_reclaim|2026-08-10|7|minute_5|241.99|234.9201|settled||stop|-1.0|stop|-1.0|0.3098|-1.1986|False
SITM|2026-08-06|ep_high_break|2026-08-07|1|daily|693.665|622.69|settled||stop|-1.0|trail_exit|-0.1917|0.972|-1.0661|False
SITM|2026-08-06|ep_close_620_prox|2026-08-10|2|minute_5|707.2|701.0001|settled||stop|-1.0|stop|-1.0|1.004|-1.0952|False
SITM|2026-08-06|ep_close_reclaim|2026-08-11|3|minute_5|696.0|686.02|settled||stop|-1.0|stop|-1.0|0.001|-1.2836|False
SITM|2026-08-06|ep_low_reclaim|2026-08-19|9|minute_5|626.345|619.63|settled||stop|-1.0|stop|-1.0|2.6679|-1.2427|False
SKM|2026-06-01|ep_high_break|2026-06-02|1|daily|44.7896|39.49|settled||stop|-1.0|stop|-1.0|0.4509|-1.0472|False
SKM|2026-06-01|ep_close_620_prox|2026-06-03|2|minute_5|45.03|44.85|settled||stop|-1.0|stop|-1.0|0.2778|-1.3333|False
SKM|2026-06-01|ep_low_reclaim|2026-06-04|3|minute_5|40.125|39.24|settled||stop|-1.0|stop|-1.0|1.5537|-3.2938|False
SLN|2026-08-10|ep_close_reclaim|2026-08-11|1|minute_5|15.49|14.72|settled||stop|-1.0|stop|-1.0|0.4026|-1.1039|False
SLN|2026-08-10|ep_close_620_prox|2026-08-11|1|minute_5|15.1|14.72|settled||stop|-1.0|stop|-1.0|0.0789|-1.2105|False
SLN|2026-08-10|ep_low_reclaim|2026-08-12|2|minute_5|14.78|14.2|settled||stop|-1.0|stop|-1.0|0.7931|-1.7759|False
SLS|2026-05-20|ep_low_reclaim|2026-05-22|2|minute_5|8.208|6.9602|settled||time_exit|0.6908|trail_exit|0.0978|1.0434|-0.912|False
SLS|2026-05-20|ep_close_620_prox|2026-05-28|5|minute_5|8.875|8.5|settled||stop|-1.0|stop|-1.0|1.6933|-1.72|False
SMCI|2026-07-22|ep_close_reclaim|2026-07-23|1|minute_5|31.3491|30.18|settled||stop|-1.0|stop|-1.0|1.0571|-1.7741|False
SMCI|2026-07-22|ep_close_620_prox|2026-07-23|1|minute_5|31.15|30.18|settled||stop|-1.0|stop|-1.0|0.3041|-1.933|False
SMCI|2026-07-22|ep_low_reclaim|2026-07-28|4|minute_5|28.53|27.13|settled||stop|-1.0|stop|-1.0|0.0857|-2.0357|False
SNOW|2026-05-28|ep_high_break|2026-05-29|1|daily|244.92|229.49|settled||stop|-1.0|trail_exit|-0.3409|2.5969|-1.6351|False
SNOW|2026-05-28|ep_close_reclaim|2026-06-05|6|minute_5|239.88|238.62|settled||stop|-1.0|stop|-1.0|0.5952|-1.3254|False
SNOW|2026-05-28|ep_close_620_prox|2026-06-05|6|minute_5|237.285|235.0|settled||stop|-1.0|stop|-1.0|4.3347|-3.3632|True
SNOW|2026-05-28|ep_low_reclaim|2026-06-18|15|minute_5|229.795|219.69|settled||stop|-1.0|trail_exit|0.2469|1.1762|-1.2187|False
SOLS|2026-08-28|ep_close_reclaim|2026-08-31|1|minute_5|64.415|63.425|settled||stop|-1.0|stop|-1.0|0.3586|-1.096|False
SOLS|2026-08-28|ep_low_reclaim|2026-08-31|1|minute_5|63.275|63.07|settled||stop|-1.0|stop|-1.0|0.6098|-1.5366|False
SOLS|2026-08-28|ep_close_620_prox|2026-08-31|1|minute_5|63.16|62.91|settled||stop|-1.0|stop|-1.0|0.08|-1.12|False
SOUN|2026-08-06|ep_low_reclaim|2026-08-17|7|minute_5|7.0001|6.97|settled||stop|-1.0|stop|-1.0|0.9934|-1.6645|False
SOUN|2026-08-06|ep_close_620_prox|2026-08-17|7|minute_5|7.015|7.01|settled||stop|-1.0|stop|-1.0|3.0|-9.0|False
STAA|2026-05-14|ep_close_reclaim|2026-05-15|1|minute_5|32.175|31.82|settled||stop|-1.0|stop|-1.0|0.7465|-1.6479|False
STAA|2026-05-14|ep_low_reclaim|2026-05-15|1|minute_5|31.67|31.15|settled||stop|-1.0|stop|-1.0|4.2115|-1.1923|True
STAA|2026-05-14|ep_close_620_prox|2026-05-15|1|minute_5|32.61|31.15|settled||stop|-1.0|stop|-1.0|0.8562|-1.0685|False
STC|2026-05-19|ep_low_reclaim|2026-05-20|1|minute_5|67.0|66.49|settled||stop|-1.0|trail_exit|2.1961|3.3137|-2.0686|False
STC|2026-05-19|ep_close_620_prox|2026-05-20|1|minute_5|67.705|66.49|settled||stop|-1.0|trail_exit|0.3416|0.8107|-1.4486|False
STDN|2026-08-14|ep_close_reclaim|2026-08-17|1|minute_5|13.4|13.13|settled||stop|-1.0|stop|-1.0|1.0367|-1.1481|False
STDN|2026-08-14|ep_close_620_prox|2026-08-17|1|minute_5|13.585|13.13|settled||stop|-1.0|stop|-1.0|-0.0989|-1.0879|False
STDN|2026-08-14|ep_low_reclaim|2026-08-18|2|minute_5|12.21|11.99|settled||stop|-1.0|stop|-1.0|-0.0455|-1.0227|False
STUB|2026-05-14|ep_low_reclaim|2026-05-15|1|minute_5|8.41|8.14|settled||time_exit|11.4444|trail_exit|5.1481|12.0|-0.4815|True
STUB|2026-05-14|ep_close_620_prox|2026-05-15|1|minute_5|8.48|8.14|settled||time_exit|8.8824|trail_exit|3.8824|9.3235|-0.2941|True
SWBI|2026-06-18|ep_low_reclaim|2026-06-22|1|minute_5|15.65|14.52|settled||time_exit|-0.4071|trail_exit|-0.3717|1.6372|-0.7699|False
SYRE|2026-06-22|ep_close_reclaim|2026-06-23|1|minute_5|101.685|97.14|settled||stop|-1.0|stop|-1.0|0.0693|-1.0418|False
SYRE|2026-06-22|ep_close_620_prox|2026-06-23|1|minute_5|98.628|97.14|settled||stop|-1.0|stop|-1.0|0.6801|-1.1277|False
SYRE|2026-06-22|ep_low_reclaim|2026-07-07|10|minute_5|95.02|81.65|settled||time_exit|0.742|trail_exit|-0.0673|0.7651|-0.6298|False
TASK|2026-08-06|ep_low_reclaim|2026-08-10|2|minute_5|7.03|6.95|settled||stop|-1.0|stop|-1.0|1.8125|-1.8125|False
TASK|2026-08-06|ep_close_620_prox|2026-08-19|9|minute_5|7.9999|7.38|abstain|window_open|||||||
TATT|2026-05-20|ep_close_reclaim|2026-05-26|3|minute_5|39.58|36.26|settled||time_exit|0.8916|trail_exit|0.4247|2.25|-0.1958|False
TATT|2026-05-20|ep_close_620_prox|2026-05-26|3|minute_5|39.285|38.97|settled||stop|-1.0|stop|-1.0|0.1429|-1.1267|False
TATT|2026-08-05|ep_low_reclaim|2026-08-06|1|minute_5|42.2759|41.5|settled||stop|-1.0|stop|-1.0|1.5261|-1.5026|False
TE|2026-05-12|ep_low_reclaim|2026-05-13|1|minute_5|5.535|5.26|settled||time_exit|10.6727|trail_exit|14.1636|25.2909|-0.9636|True
TE|2026-05-12|ep_close_620_prox|2026-05-13|1|minute_5|5.605|5.26|settled||time_exit|8.3043|trail_exit|11.087|19.9565|-0.971|True
TEAM|2026-08-07|ep_close_reclaim|2026-08-10|1|minute_5|149.39|145.0|abstain|window_open|||||||
TEAM|2026-08-07|ep_close_620_prox|2026-08-10|1|minute_5|148.06|145.0|abstain|window_open|||||||
TEM|2026-08-19|ep_high_break|2026-08-20|1|daily|61.98|54.81|abstain|window_open|||||||
TER|2026-07-29|ep_high_break|2026-07-31|2|daily|372.23|344.5|settled||time_exit|-0.6224|trail_exit|-0.2571|2.5943|-0.8374|False
TEVA|2026-07-29|ep_close_reclaim|2026-07-30|1|minute_5|35.415|34.27|settled||stop|-1.0|stop|-1.0|0.214|-1.4276|False
TEVA|2026-07-29|ep_close_620_prox|2026-07-30|1|minute_5|34.9|34.27|settled||stop|-1.0|stop|-1.0|1.2063|-1.7771|False
TH|2026-08-10|ep_close_reclaim|2026-08-11|1|minute_5|16.61|16.05|settled||stop|-1.0|stop|-1.0|1.2143|-1.0893|False
TH|2026-08-10|ep_close_620_prox|2026-08-12|2|minute_5|16.45|16.39|settled||stop|-1.0|stop|-1.0|0.5833|-1.1667|False
THC|2026-07-24|ep_high_break|2026-07-27|1|daily|246.815|229.3675|settled||time_exit|1.8212|time_exit|1.8212|2.0768|-0.7213|False
TNDM|2026-06-01|ep_close_620_prox|2026-06-02|1|minute_5|18.49|18.33|settled||stop|-1.0|stop|-1.0|1.9375|-5.3437|False
TNDM|2026-06-01|ep_low_reclaim|2026-06-03|2|minute_5|17.735|17.66|settled||stop|-1.0|stop|-1.0|0.0667|-1.0|False
TRUP|2026-08-06|ep_close_reclaim|2026-08-10|2|minute_5|28.375|26.5505|abstain|window_open|||||||
TSAT|2026-08-04|ep_close_reclaim|2026-08-06|2|minute_5|55.28|50.26|settled||stop|-1.0|trail_exit|-0.5299|1.247|-1.3088|False
TSAT|2026-08-04|ep_close_620_prox|2026-08-10|4|minute_5|56.21|55.6909|settled||stop|-1.0|stop|-1.0|10.2676|-8.6111|True
TSAT|2026-08-04|ep_low_reclaim|2026-08-20|12|minute_5|43.335|43.05|settled||stop|-1.0|trail_exit|3.386|8.1579|-4.6842|True
TSEM|2026-07-14|ep_low_reclaim|2026-07-15|1|minute_5|253.11|251.85|settled||stop|-1.0|stop|-1.0|3.3865|-1.0556|False
TSEM|2026-07-14|ep_close_620_prox|2026-07-15|1|minute_5|262.78|256.42|settled||stop|-1.0|stop|-1.0|1.2689|-1.5094|False
TTAN|2026-06-05|ep_low_reclaim|2026-06-08|1|minute_5|75.565|75.0501|settled||stop|-1.0|stop|-1.0|2.1266|-1.777|False
TTAN|2026-06-05|ep_close_620_prox|2026-07-06|19|minute_5|78.44|75.12|settled||stop|-1.0|stop|-1.0|1.259|-1.3373|False
TWLO|2026-08-07|ep_high_break|2026-08-10|1|daily|254.5|227.02|settled||stop|-1.0|trail_exit|-0.9421|0.1402|-1.2451|False
TWLO|2026-08-07|ep_close_620_prox|2026-08-12|3|minute_5|245.89|244.39|settled||stop|-1.0|stop|-1.0|1.4733|-1.0|False
TWLO|2026-08-07|ep_close_reclaim|2026-08-14|5|minute_5|241.43|240.4|settled||stop|-1.0|stop|-1.0|1.0485|-2.1068|False
TWLO|2026-08-07|ep_low_reclaim|2026-08-19|8|minute_5|227.39|225.02|settled||stop|-1.0|stop|-1.0|0.2321|-1.2911|False
TWST|2026-08-19|ep_close_reclaim|2026-08-20|1|minute_5|142.477|136.37|settled||stop|-1.0|stop|-1.0|0.4966|-1.036|False
TWST|2026-08-19|ep_close_620_prox|2026-08-20|1|minute_5|140.15|136.37|settled||stop|-1.0|stop|-1.0|0.045|-1.0582|False
U|2026-08-06|ep_high_break|2026-08-07|1|daily|41.66|34.8|abstain|window_open|||||||
UUUU|2026-06-18|ep_close_reclaim|2026-06-22|1|minute_5|16.5786|16.29|settled||stop|-1.0|stop|-1.0|0.0742|-1.2772|False
UUUU|2026-06-18|ep_low_reclaim|2026-06-22|1|minute_5|16.175|16.04|settled||stop|-1.0|stop|-1.0|1.4074|-1.1444|False
UUUU|2026-06-18|ep_close_620_prox|2026-06-22|1|minute_5|16.29|15.777|settled||stop|-1.0|trail_exit|-0.3314|0.4386|-1.9103|False
UUUU|2026-08-21|ep_close_reclaim|2026-08-24|1|minute_5|15.17|14.97|settled||stop|-1.0|stop|-1.0|0.7|-1.35|False
UUUU|2026-08-21|ep_close_620_prox|2026-08-24|1|minute_5|14.89|14.75|settled||stop|-1.0|stop|-1.0|11.5|-2.5614|True
UUUU|2026-08-21|ep_low_reclaim|2026-08-28|5|minute_5|14.605|14.5314|settled||stop|-1.0|trail_exit|0.8832|2.7853|-3.4647|False
VEEV|2026-08-27|ep_close_reclaim|2026-08-28|1|minute_5|282.295|277.05|settled||stop|-1.0|stop|-1.0|0.4547|-1.0019|False
VEEV|2026-08-27|ep_close_620_prox|2026-08-28|1|minute_5|278.59|277.05|settled||stop|-1.0|stop|-1.0|0.7468|-1.0065|False
VERA|2026-08-14|ep_close_reclaim|2026-08-17|1|minute_5|31.95|31.3|settled||stop|-1.0|stop|-1.0|0.3077|-1.3077|False
VERA|2026-08-14|ep_close_620_prox|2026-08-17|1|minute_5|31.46|31.1|settled||stop|-1.0|trail_exit|0.4722|5.6111|-2.0556|True
VG|2026-05-12|ep_high_break|2026-05-13|1|minute_5|13.595|12.105|settled||stop|-1.0|trail_exit|-0.4732|0.9094|-1.1141|False
VG|2026-05-12|ep_close_reclaim|2026-05-13|1|minute_5|13.3098|13.18|settled||stop|-1.0|stop|-1.0|0.0015|-1.2311|False
VG|2026-05-12|ep_close_620_prox|2026-05-14|2|minute_5|13.04|12.75|settled||stop|-1.0|trail_exit|-0.5172|6.5862|-2.6207|True
VG|2026-05-12|ep_low_reclaim|2026-05-29|12|minute_5|12.14|12.1|settled||stop|-1.0|stop|-1.0|3.9975|-1.125|False
VIK|2026-05-14|ep_low_reclaim|2026-05-18|2|minute_5|86.43|82.66|settled||stop|-1.0|stop|-1.0|0.1247|-1.13|False
VIK|2026-05-14|ep_close_620_prox|2026-05-18|2|minute_5|85.645|84.21|settled||stop|-1.0|stop|-1.0|0.7561|-2.4216|False
VOYG|2026-08-04|ep_low_reclaim|2026-08-05|1|minute_5|33.135|31.76|abstain|window_open|||||||
VOYG|2026-08-04|ep_close_620_prox|2026-08-05|1|minute_5|33.67|31.76|abstain|window_open|||||||
VPG|2026-05-12|ep_high_break|2026-05-13|1|daily|87.8799|79.15|settled||time_exit|6.165|trail_exit|3.3941|6.2246|0.244|True
VSNT|2026-05-14|ep_low_reclaim|2026-06-08|16|minute_5|41.37|39.38|settled||stop|-1.0|trail_exit|0.0452|0.3668|-1.0905|False
VSTS|2026-05-12|ep_low_reclaim|2026-05-13|1|minute_5|11.04|11.0302|settled||stop|-1.0|stop|-1.0|1.0102|-8.6735|False
VSTS|2026-05-12|ep_close_620_prox|2026-05-15|3|minute_5|12.08|11.945|settled||stop|-1.0|stop|-1.0|2.5185|-1.7778|False
WEN|2026-06-24|ep_high_break|2026-06-25|1|minute_5|8.887166|7.5|settled||stop|-1.0|stop|-1.0|0.1318|-1.0072|False
WEN|2026-06-24|ep_low_reclaim|2026-06-25|1|minute_5|7.515|7.22|settled||stop|-1.0|stop|-1.0|2.4915|-1.0|False
WEN|2026-06-24|ep_close_620_prox|2026-06-26|2|minute_5|7.695|7.22|settled||stop|-1.0|trail_exit|0.1789|3.6947|-1.2945|False
WKC|2026-07-24|ep_low_reclaim|2026-07-27|1|minute_5|38.11|37.32|settled||stop|-1.0|trail_exit|0.443|3.4684|-1.4051|False
WLDN|2026-08-07|ep_close_620_prox|2026-08-10|1|minute_5|84.84|83.935|settled||stop|-1.0|stop|-1.0|-0.0884|-1.6575|False
WLDN|2026-08-07|ep_close_reclaim|2026-08-14|5|minute_5|86.36|81.29|abstain|window_open|||||||
WULF|2026-07-06|ep_low_reclaim|2026-07-08|2|minute_5|22.165|19.09|settled||stop|-1.0|trail_exit|0.2163|0.7837|-1.1528|False
WULF|2026-07-06|ep_close_620_prox|2026-07-08|2|minute_5|21.785|20.85|settled||stop|-1.0|trail_exit|1.1176|2.984|-1.7594|False
WYFI|2026-05-11|ep_close_reclaim|2026-05-13|2|minute_5|27.43|23.32|settled||stop|-1.0|stop|-1.0|0.9209|-1.3698|False
WYFI|2026-05-11|ep_close_620_prox|2026-05-13|2|minute_5|27.185|24.67|settled||stop|-1.0|stop|-1.0|1.6024|-1.4254|False
WYFI|2026-05-11|ep_low_reclaim|2026-05-18|5|minute_5|22.865|22.6|settled||stop|-1.0|stop|-1.0|0.4717|-3.0755|False
WYFI|2026-08-12|ep_high_break|2026-08-13|1|minute_5|28.8699|27.0|settled||stop|-1.0|stop|-1.0|1.8665|-1.123|False
WYFI|2026-08-12|ep_close_620_prox|2026-08-13|1|minute_5|29.6394|29.1033|settled||stop|-1.0|stop|-1.0|0.0011|-1.174|False
WYFI|2026-08-12|ep_close_reclaim|2026-08-14|2|minute_5|29.51|27.7846|settled||stop|-1.0|stop|-1.0|1.5764|-1.588|False
WYFI|2026-08-12|ep_low_reclaim|2026-08-18|4|minute_5|27.0496|26.9|settled||stop|-1.0|stop|-1.0|2.7433|-1.262|False
XE|2026-06-15|ep_close_reclaim|2026-06-16|1|minute_5|21.41|20.3|settled||stop|-1.0|trail_exit|0.1982|2.2793|-1.3594|False
XE|2026-06-15|ep_close_620_prox|2026-06-18|3|minute_5|21.68|21.155|settled||stop|-1.0|stop|-1.0|0.2095|-1.0667|False
XE|2026-06-15|ep_low_reclaim|2026-06-23|5|minute_5|20.02|19.31|settled||stop|-1.0|trail_exit|1.507|2.6479|-1.831|False
ZBRA|2026-05-12|ep_close_reclaim|2026-05-13|1|minute_5|242.224|239.84|settled||stop|-1.0|stop|-1.0|0.1074|-2.0193|False
ZBRA|2026-05-12|ep_low_reclaim|2026-05-13|1|minute_5|239.28|237.03|settled||stop|-1.0|stop|-1.0|10.76|-2.3467|True
ZBRA|2026-05-12|ep_close_620_prox|2026-05-13|1|minute_5|243.7|237.03|settled||stop|-1.0|stop|-1.0|2.967|-1.4543|False
ZBRA|2026-08-04|ep_close_reclaim|2026-08-05|1|minute_5|372.04|361.83|settled||stop|-1.0|trail_exit|-0.0764|1.3898|-1.3085|False
ZBRA|2026-08-04|ep_close_620_prox|2026-08-05|1|minute_5|373.9925|361.83|settled||stop|-1.0|trail_exit|-0.2247|1.0062|-1.259|False
