BLZE	2026-08-04	20.16	23.99	19.65	19.79	11791037
BLZE	2026-08-05	19.79	19.79	17.47	18.62	5561592
BLZE	2026-08-06	18.245	18.98	17.6	18.11	3010229
BTDR	2026-08-04	12.785	12.93	11.25	11.38	26682316
BTDR	2026-08-05	11.75	12.25	11.04	11.06	11575631
BTDR	2026-08-06	10.415	11	10.38	10.52	9176948
CRCL	2026-07-10	70.66	72.855	65.07	66.14	36563714
CRCL	2026-07-13	64.42	66.1	62.36	63	12721200
CRCL	2026-07-14	61.655	63.49	59.29	63.22	15685268
CRCL	2026-07-15	64.46	66.845	63.25	65.69	12857491
CRCL	2026-07-16	64.43	64.9	60.3603	60.64	9672361
CRCL	2026-07-17	59.18	62.4	58.68	60.46	8695128
CRCL	2026-07-20	60.95	66.98	60.87	65.45	13469175
CRCL	2026-07-21	68.94	72.675	68.645	71.08	18082515
CRCL	2026-07-22	67.95	70.23	65.35	66.16	10716819
CRCL	2026-07-23	65	65.41	61.35	62.18	10347274
CRCL	2026-07-24	61.62	63.18	59.96	62.36	8307851
FTNT	2026-07-30	164	169.26	152.23	154.25	10680571
FTNT	2026-07-31	154.01	162.57	153.61	161.95	6060333
FTNT	2026-08-03	163.305	164.5	159.32	163.21	5756098
FTNT	2026-08-04	164.11	169.105	162.77	168.29	6461913
FTNT	2026-08-05	170.35	172.09	163.94	164.13	4554662
FTNT	2026-08-06	160.07	162.73	158.27	160.11	4992354
HUT	2026-07-20	101.51	107	99.1	100.93	7256423
HUT	2026-07-21	104.66	110.47	103.8009	108.98	4267731
HUT	2026-07-22	105.12	114.6	105.0701	109.86	2746661
HUT	2026-07-23	111.03	120.38	110.23	117.67	6121676
HUT	2026-07-24	116.26	117.98	109	109.99	3660789
HUT	2026-07-27	111.8	112.6	100.88	104.59	3972828
HUT	2026-07-28	100.69	103.04	91.6	101.14	4647306
HUT	2026-07-29	100.01	100.34	86.89	88.18	7172613
HUT	2026-07-30	98.2	108.73	97.57	108.27	5482973
HUT	2026-07-31	114.22	116.72	104.62	107.63	4553017
HUT	2026-08-03	103.9	113.415	101.5	112.08	3474826
HUT	2026-08-04	103.51	110.93	100.85	101.16	6944621
HUT	2026-08-05	101.58	104.8	92.57	92.76	4671422
MANE	2026-07-15	118.75	129.8	118	123.7	1334336
MANE	2026-07-16	123.12	125.165	104.46	105.83	1361143
MANE	2026-07-17	108.51	117.82	105.01	111.32	949863
MANE	2026-07-20	112.5	115.5	104.45	106.04	473675
MANE	2026-07-21	107.01	112.895	106.83	109.49	513286
MANE	2026-07-22	108.45	113.63	108.19	109.85	349887
MANE	2026-07-23	108.24	116.61	108.2154	115.86	394040
MANE	2026-07-24	115.4	117.93	109.27	109.51	532966
MANE	2026-07-27	111.05	116.09	110.25	111.42	554137
MANE	2026-07-28	112.78	117.08	108.58	111.54	970566
MANE	2026-07-29	110.19	114.215	107.5	107.76	446097
MANE	2026-07-30	106.45	111.07	104.25	104.63	684253
MANE	2026-07-31	103.47	107.64	101.74	105	917342
NVCR	2026-07-23	18	20.55	18	19.99	8938951
NVCR	2026-07-24	20.68	21.4506	17.6	17.65	3876009
NVCR	2026-07-27	17.97	18.15	16.855	17.03	1811819
NVCR	2026-07-28	16.99	17.05	16.155	16.31	1383765
NVCR	2026-07-29	16.06	16.39	15.12	15.2	1495921
NVCR	2026-07-30	15.2	15.49	15.045	15.23	1414245
NVCR	2026-07-31	15.46	15.725	14.83	14.84	1227782
NVCR	2026-08-03	15	15.69	15	15.32	1642435
NVCR	2026-08-04	15.28	16.3	15.23	16.27	1739916
NVCR	2026-08-05	16.14	16.25	15.925	16.05	1234073
NVCR	2026-08-06	16.2	16.2	15.58	15.69	943272
QBTS	2026-07-27	17.86	19.54	17.75	19.51	48213749
QBTS	2026-07-28	18.65	18.89	17.26	17.635	23869337
QBTS	2026-07-29	17.29	17.4	16.07	16.18	20017137
QBTS	2026-07-30	16.79	18.13	16.71	17.98	19974927
QBTS	2026-07-31	18.38	18.92	17.84	18.08	16479428
QBTS	2026-08-03	18.09	20.135	18	19.98	24497278
QBTS	2026-08-04	20.34	21.9	20.34	21.83	23663039
QBTS	2026-08-05	21.615	22	21.15	21.39	16858524
QBTS	2026-08-06	18.44	20.59	18.33	19.405	23562667
SMCI	2026-07-22	28.89	32.2844	28.5	30.56	161974562
SMCI	2026-07-23	30.33	32.585	30.18	31.2	84189389
SMCI	2026-07-24	30.62	31.33	29.275	30.1	49083499
SMCI	2026-07-27	30.6	30.94	28.5	29.81	35204450
SMCI	2026-07-28	28.64	28.87	27.13	28.45	36162282
SMCI	2026-07-29	28.02	28.07	25.68	25.7	40031973
SMCI	2026-07-30	26.84	28.1699	26.6501	27.73	37284541
SMCI	2026-07-31	28.65	29.3	27.21	28.4	34160863
SMCI	2026-08-03	28	28.925	27.44	28.64	23481981
SMCI	2026-08-04	29.65	31.84	29.07	31.69	55859801
SMCI	2026-08-05	31.71	31.78	30.29	30.32	35240708
SMCI	2026-08-06	30	30.935	29.33	29.38	26410334
THC	2026-07-24	235.01	246.815	229.3675	233.2	4628003
THC	2026-07-27	238.48	248.82	234.23	243.36	2218373
THC	2026-07-28	246.54	262.68	246.1	262.63	1816522
THC	2026-07-29	257.91	261.175	254.98	257.62	1283860
THC	2026-07-30	255.79	255.995	247.54	252.73	1163022
THC	2026-07-31	251.15	255.94	249.65	254.78	1098224
THC	2026-08-03	257.43	260.83	248.65	249.99	1162472
THC	2026-08-04	248.19	254.89	244.4388	253.33	1075141
THC	2026-08-05	256.12	263.6	250.66	261.74	1081780
THC	2026-08-06	264.15	265.315	256.235	256.64	704596
TSEM	2026-07-14	271.5	274	252.01	255.49	4558208
TSEM	2026-07-15	257.44	270.85	238.45	251	2429039
TSEM	2026-07-16	241.16	247.84	234.381	237.92	1623220
TSEM	2026-07-17	222.518	239.85	211.46	234.1	2510958
TSEM	2026-07-20	239.73	242.255	227.2	227.21	1106060
TSEM	2026-07-21	240.63	253.015	238.8	250.91	1486732
TSEM	2026-07-22	242.78	253.8399	242.7	249.53	1032202
TSEM	2026-07-23	245.79	262.87	245.79	260.42	1263335
TSEM	2026-07-24	254.65	260.49	233.2	233.37	1284288
TSEM	2026-07-27	235.58	235.58	213.69	224.21	1510568
TSEM	2026-07-28	212.1	212.495	198.2	202.99	2059437
TSEM	2026-07-29	207	211	185.0701	187.84	1906011
TSEM	2026-07-30	205.62	215.17	202.23	211.16	1600677
WDFC	2026-07-10	292.093	298.899	261.4898	264.91	1165116
WDFC	2026-07-13	266.31	267.39	248.37	251.43	281604
WDFC	2026-07-14	252	252	246	249.12	138615
WDFC	2026-07-15	248.74	251.5	246.52	249.4	134726
WDFC	2026-07-16	248.49	258.5	248.49	256.36	143746
WDFC	2026-07-17	254.79	259.77	246.61	246.79	162136
WDFC	2026-07-20	246.35	247.315	238.08	239.59	151326
WDFC	2026-07-21	236.8	239.8	234.01	237.72	170768
WDFC	2026-07-22	239.13	239.13	233.24	237.12	111405
WDFC	2026-07-23	232.52	236.68	230.5505	232.61	109675
WDFC	2026-07-24	232.79	234.99	229.67	231.33	92600
WKC	2026-07-24	39.995	41.2	37.81	38.14	4378234
WKC	2026-07-27	38.08	39.9	37.32	39.79	1874583
WKC	2026-07-28	39.845	40.85	39.35	40.05	2817786
WKC	2026-07-29	40.16	40.31	39.21	40.25	1515934
WKC	2026-07-30	39.96	40.21	39.51	39.73	853809
WKC	2026-07-31	39.43	40	39.06	39.86	1184482
WKC	2026-08-03	39.23	39.93	38.93	39.06	1025099
WKC	2026-08-04	38.75	39.39	38.41	39.1	1277266
WKC	2026-08-05	39.51	39.515	38.44	38.46	1592485
WKC	2026-08-06	38.66	38.66	37	37.23	1386206
WULF	2026-07-06	24.15	25.15	22.01	22.21	74345096
WULF	2026-07-07	21.64	21.89	19.09	20.24	51072497
WULF	2026-07-08	21.06	22.9	20.85	22.83	42402191
WULF	2026-07-09	23.84	24.575	23.015	23.2	50643851
WULF	2026-07-10	23.39	23.6499	21.82	21.97	30693860
WULF	2026-07-13	21.5	21.89	20.14	20.89	24967828
WULF	2026-07-14	20.92	20.96	18.62	19.41	56833276
WULF	2026-07-15	19.6	20.18	18.65	19.37	30637202
WULF	2026-07-16	18.66	18.84	17.7	17.98	36393314
WULF	2026-07-17	17.24	18.3097	16.545	18.16	36946353
WULF	2026-07-20	18.79	19.745	18.73	18.86	35765109
WULF	2026-07-21	19.425	20.55	19.36	19.87	31493315
WULF	2026-07-22	19.265	20.65	19.23	19.49	22914290
THC	2026-08-07	256.49	263.135	255.7	262.13	623911
