ticker|d
ABCL|2026-08-10
ABSI|2026-06-24
ABVX|2026-06-03
ACAD|2026-06-26
ACHR|2026-08-10
ACMR|2026-08-07
AEHR|2026-06-17
AEHR|2026-07-15
AEIS|2026-08-04
AEVA|2026-08-06
AGX|2026-06-05
AGYS|2026-05-19
AIP|2026-05-13
AKTS|2026-06-12
ALAB|2026-05-20
ALOY|2026-06-01
AMBQ|2026-05-12
AMD|2026-05-06
AMLX|2026-08-18
AMRC|2026-08-04
ANF|2026-05-27
APPS|2026-08-05
ARGX|2026-08-17
ARM|2026-05-20
ARM|2026-07-30
ARWR|2026-07-22
ARX|2026-05-14
ASAN|2026-05-29
ASPI|2026-05-26
ASTI|2026-05-27
ATRO|2026-08-12
AUGO|2026-06-15
AVAV|2026-05-28
AVAV|2026-06-30
AVEX|2026-05-12
BBWI|2026-05-27
BE|2026-08-12
BHVN|2026-05-29
BLSH|2026-08-13
BLZE|2026-07-31
BLZE|2026-08-04
BRUN|2026-08-12
BSX|2026-04-23
BTDR|2026-08-04
BTGO|2026-05-26
BULL|2026-08-20
BW|2026-05-11
BW|2026-08-11
BZH|2026-05-11
CAI|2026-08-06
CAMT|2026-06-02
CAT|2026-08-04
CBRL|2026-06-10
CBRS|2026-08-17
CGEM|2026-08-13
CHA|2026-05-29
CHRN|2026-08-27
CHTR|2026-06-29
CLF|2026-07-23
CLSK|2026-07-14
COHU|2026-07-31
CORT|2026-07-30
CORZ|2026-07-28
CPA|2026-05-14
CRCL|2026-07-10
CRMD|2026-05-14
CRMD|2026-08-13
CRSR|2026-05-27
CRSR|2026-08-07
CRWD|2026-08-27
CRWV|2026-08-12
CSCO|2026-05-14
DCTH|2026-08-06
DELL|2026-05-29
DFTX|2026-06-22
DG|2026-08-27
DOCN|2026-07-07
DOCS|2026-08-07
DRTS|2026-05-11
DY|2026-05-27
DYN|2026-05-20
ECG|2026-08-05
EFOR|2026-07-22
ELVN|2026-06-11
EME|2026-07-30
EOSE|2026-05-13
EROC|2026-08-12
ETON|2026-08-14
EVTC|2026-05-19
FCEL|2026-06-24
FET|2026-07-31
FIG|2026-05-15
FIGS|2026-08-07
FLNC|2026-07-31
FPS|2026-05-14
FRMI|2026-08-11
FROG|2026-08-07
FTK|2026-08-03
FTNT|2026-07-30
FTRE|2026-05-05
FUTU|2026-05-26
GEMI|2026-05-15
GH|2026-05-20
GLBE|2026-08-12
GLOB|2026-05-15
GO|2026-05-14
GRND|2026-07-01
GRRR|2026-06-02
HAS|2026-07-21
HGTY|2026-08-05
HLIT|2026-05-12
HLIT|2026-08-13
HPE|2026-06-02
HQ|2026-06-15
HRB|2026-08-12
HTFL|2026-08-14
HUT|2026-07-20
HYMC|2026-06-15
IBRX|2026-05-20
IDCC|2026-06-11
IDR|2026-06-15
IMVT|2026-05-20
INFQ|2026-05-21
INOD|2026-08-07
INSM|2026-08-06
INSP|2026-08-04
INTC|2026-04-24
IREN|2026-07-20
JBIO|2026-06-22
JBL|2026-06-17
KC|2026-07-08
KLAR|2026-05-14
KMT|2026-08-05
KODK|2026-08-05
KSS|2026-05-28
KTOS|2026-05-28
KTOS|2026-08-05
KURA|2026-04-17
KURA|2026-08-13
KYMR|2026-06-25
LAC|2026-06-02
LFST|2026-08-06
LIFE|2026-08-04
LIND|2026-08-03
LPTH|2026-08-14
LRCX|2026-07-30
LZB|2026-06-17
MANE|2026-07-15
MLTX|2026-06-22
MMYT|2026-06-15
MNDY|2026-05-11
MPWR|2026-07-31
MRAM|2026-05-11
MRLN|2026-06-05
MRNA|2026-08-19
MRVL|2026-06-02
MRVL|2026-08-19
MRX|2026-08-12
MTW|2026-08-07
MU|2026-06-25
NAVN|2026-06-11
NBIS|2026-08-12
NESR|2026-08-10
NET|2026-08-07
NMAX|2026-08-14
NNE|2026-05-26
NNE|2026-07-27
NOW|2026-06-01
NRIX|2026-06-08
NVCR|2026-07-23
NVTS|2026-06-03
NWL|2026-07-31
OKLO|2026-05-26
OKTA|2026-08-27
OMCL|2026-04-28
OMER|2026-08-13
ONTO|2026-08-07
OUST|2026-06-29
PACS|2026-05-12
PD|2026-05-29
PENG|2026-07-08
PGY|2026-06-04
PHR|2026-05-28
PLTR|2026-08-04
PONY|2026-05-26
POWI|2026-05-26
PPTA|2026-05-22
PRAA|2026-08-07
PRG|2026-07-15
PRGO|2026-08-05
PSIX|2026-08-07
PUBM|2026-08-07
PWR|2026-07-30
QBTS|2026-05-21
QBTS|2026-07-27
QDEL|2026-06-29
QFIN|2026-05-27
QNST|2026-08-07
QUBT|2026-05-21
QURE|2026-06-17
RARE|2026-08-20
RCAT|2026-05-28
RDDT|2026-08-14
RDW|2026-05-26
RDW|2026-08-06
RIOT|2026-08-11
RLAY|2026-05-21
ROCK|2026-08-05
RPD|2026-08-11
RUM|2026-06-04
RXT|2026-06-16
SAIC|2026-06-01
SCSC|2026-08-20
SE|2026-05-12
SE|2026-08-11
SEDG|2026-06-30
SG|2026-07-17
SHAZ|2026-06-12
SIBN|2026-05-12
SIMO|2026-07-30
SITM|2026-08-06
SKM|2026-06-01
SLN|2026-08-10
SLS|2026-05-20
SMCI|2026-05-06
SMCI|2026-07-22
SNOW|2026-05-28
SNX|2026-06-25
SOLS|2026-08-28
SOUN|2026-08-06
STAA|2026-05-14
STC|2026-05-19
STDN|2026-08-14
STUB|2026-05-14
SWBI|2026-06-18
SYRE|2026-06-22
TASK|2026-08-06
TATT|2026-05-20
TATT|2026-08-05
TE|2026-05-12
TEAM|2026-05-01
TEAM|2026-08-07
TEM|2026-08-19
TER|2026-07-29
TEVA|2026-07-29
TH|2026-08-10
THC|2026-07-24
TNDM|2026-06-01
TRUP|2026-08-06
TSAT|2026-08-04
TSEM|2026-07-14
TTAN|2026-06-05
TWLO|2026-08-07
TWST|2026-08-19
U|2026-08-06
UUUU|2026-06-18
UUUU|2026-08-21
VEEV|2026-08-27
VERA|2026-08-14
VG|2026-05-12
VIK|2026-05-14
VOYG|2026-08-04
VPG|2026-05-12
VSNT|2026-05-14
VSTS|2026-05-12
WDFC|2026-07-10
WEN|2026-06-24
WKC|2026-07-24
WLDN|2026-08-07
WULF|2026-07-06
WYFI|2026-05-11
WYFI|2026-08-12
XE|2026-06-15
ZBRA|2026-05-12
ZBRA|2026-08-04
