ticker,alert_date,gap_pct,ep_score,catalyst_quality,shape_class,outcome,ret,high_break_min,high_break_held,low_break_min,recovered,late_breakout_after_1000,orb_high,orb_low,n_bars
GEMI,2026-05-15,22.24,96.0,strong,CLASS_C,pending,,,False,571,False,False,6.9599,6.56,91
GLOB,2026-05-15,10.59,89.3,strong,CLASS_A,pending,,571,True,,False,False,39.34,37.12,91
ARX,2026-05-14,17.64,100.8,strong,CLASS_A,pending,,572,True,,False,False,14.04,13.72,90
CPA,2026-05-14,13.12,67.7,strong,CLASS_A,pending,,576,True,572,True,False,127,125.21,83
CRMD,2026-05-14,12.35,64.8,strong,CLASS_C,pending,,571,False,573,False,False,8.65,8.45,91
CSCO,2026-05-14,16.32,100.8,strong,CLASS_A,loss,-0.021346312207571248,572,True,598,False,False,117.55,115.03,91
FPS,2026-05-14,17.75,84.0,strong,CLASS_C,pending,,,False,571,False,False,50.9997,47.39,91
GO,2026-05-14,17.38,84.0,strong,CLASS_C,pending,,,False,571,False,False,9.44,8.73,91
KLAR,2026-05-14,19.57,84.0,strong,AMBIGUOUS_CHOP,loss,-0.047738693467336675,571,False,583,True,False,15.92,15.18,91
STAA,2026-05-14,17.31,96.0,game_changer,CLASS_C,pending,,,False,575,False,False,35.87,33.75,91
STUB,2026-05-14,14.3,54.0,strong,CLASS_A,pending,,577,True,574,True,False,9,8.43,91
VIK,2026-05-14,11.36,57.6,strong,CLASS_A,pending,,571,True,573,True,False,90.48,89.53,91
VSNT,2026-05-14,15.38,100.8,strong,CLASS_A,pending,,571,True,642,False,False,43.25,42.325,91
AIP,2026-05-13,20.81,115.2,strong,CLASS_C,pending,,,False,571,False,False,35.68,32.5,91
EOSE,2026-05-13,31.11,115.2,strong,CLASS_C,pending,,,False,579,False,False,9.99,9.28,91
AMBQ,2026-05-12,18.68,84.0,strong,CLASS_A,pending,,571,True,,False,False,54,53.14,91
HLIT,2026-05-12,15.2,84.0,strong,CLASS_C,pending,,571,False,579,False,False,14.55,13.9,91
PACS,2026-05-12,22.26,96.0,strong,CLASS_A,pending,,576,True,571,True,False,39,38.57,89
SE,2026-05-12,13.26,54.0,strong,CLASS_A,pending,,574,True,571,True,False,94.71,93.875,91
SIBN,2026-05-12,13.35,51.6,strong,CLASS_A,pending,,577,True,571,True,False,13.13,12.19,91
TE,2026-05-12,18.21,84.0,strong,CLASS_C,pending,,,False,581,False,False,6.51,6.06,91
VG,2026-05-12,10.07,54.7,strong,CLASS_A,pending,,571,True,577,True,False,12.68,12.375,91
VPG,2026-05-12,17.12,100.8,strong,CLASS_A,pending,,574,True,571,True,False,83.99,82.32,90
VSTS,2026-05-12,20.22,115.2,strong,CLASS_A,pending,,572,True,571,True,False,12.05,11.695,91
ZBRA,2026-05-12,15.33,100.8,strong,CLASS_A,pending,,571,True,573,True,False,256,247,91
BW,2026-05-11,26.07,96.0,strong,CLASS_B,pending,,593,True,571,True,False,16.9999,16.49,91
BZH,2026-05-11,19.93,84.0,strong,CLASS_C,pending,,,False,571,False,False,25.39,25.25,91
MNDY,2026-05-11,19.16,100.8,strong,AMBIGUOUS_CHOP,loss,-0.05123682593479804,577,False,571,True,False,86.6558,82.7,91
MRAM,2026-05-11,29.68,115.2,strong,CLASS_A,loss,-0.14383298630136987,572,True,582,True,False,36.425,34.07,91
AKAM,2026-05-08,27.37,96.0,strong,CLASS_C,win,0.1201,,False,572,False,False,145.45,141,91
BILL,2026-05-08,10.17,54.7,strong,CLASS_A,loss,0.0416,571,True,579,False,False,41.23,40.481,91
CALY,2026-05-08,12.22,57.6,strong,CLASS_A,loss,0.0274,571,True,,False,False,16.25,15.74,91
FROG,2026-05-08,12.94,60.5,strong,CLASS_C,loss,0.015600000000000001,,False,572,False,False,68.27,65.1,91
INOD,2026-05-08,35.63,100.0,strong,CLASS_A,win,0.35200000000000004,571,True,,False,False,78.7,72.8,91
LASR,2026-05-08,14.56,72.0,game_changer,CLASS_A,win,0.17370000000000002,571,True,,False,False,77.05,74.2167,91
PGNY,2026-05-08,18.11,84.0,strong,AMBIGUOUS_CHOP,loss,0.0282,571,False,571,True,False,23.39,22.495,91
WEST,2026-05-08,41.17,100.0,strong,CLASS_A,win,0.08800000000000001,571,True,,False,False,7.88,6.87,91
WLDN,2026-05-08,13.99,76.3,strong,AMBIGUOUS_CHOP,win,0.10869999999999999,571,False,,False,False,86.97,78.05,73
ARRY,2026-05-07,11.32,54.7,strong,CLASS_C,win,0.1159,571,False,576,False,False,9.18,8.85,91
FLNC,2026-05-07,29.72,96.0,strong,CLASS_C,win,0.4439,571,False,571,False,False,20.2,19.1,91
FTNT,2026-05-07,15.04,96.0,game_changer,CLASS_A,win,0.1297,571,True,,False,False,107.59,104.51,91
JMIA,2026-05-07,26.14,96.0,strong,AMBIGUOUS_CHOP,loss,0.0067,572,False,572,True,False,9.45,8.87,90
MTSI,2026-05-07,17.14,84.0,strong,CLASS_C,win,0.1648,,False,571,False,False,355,342.17,90
PCT,2026-05-07,22.7,100.0,strong,CLASS_C,win,0.44299999999999995,,False,571,False,False,9.73,9.21,91
SEZL,2026-05-07,18.58,84.0,strong,CLASS_A,win,0.0669,571,True,571,True,False,101.99,95.06,91
SITM,2026-05-07,31.63,96.0,strong,CLASS_C,win,0.1311,,False,583,False,False,845,805,91
AMD,2026-05-06,19.22,96.0,game_changer,CLASS_A,loss,-0.041911698712375094,571,True,619,False,False,413.26,405.63,91
BLMN,2026-05-06,33.33,96.0,strong,CLASS_A,win,0.0745,571,True,,False,False,7.2,6.99,91
COMP,2026-05-06,38.43,100.0,strong,CLASS_C,loss,0.0195,,False,573,False,False,9.59,9.28,91
CRI,2026-05-06,18.37,84.0,strong,CLASS_A,loss,0.0473,571,True,,False,False,36.47,34.77,91
FLEX,2026-05-06,21.34,96.0,strong,CLASS_A,win,0.09359999999999999,571,True,,False,False,122,119,91
GEO,2026-05-06,16.72,100.0,strong,CLASS_C,loss,0.0225,571,False,572,False,False,21.7,21.16,91
GLW,2026-05-06,18.94,84.0,strong,CLASS_C,win,0.1664,571,False,578,False,False,190.49,186.99,91
HUT,2026-05-06,27.25,100.0,strong,CLASS_A,loss,0.0305,571,True,571,True,False,102.13,97.63,91
LIVN,2026-05-06,14.43,72.0,game_changer,CLASS_A,win,0.0984,571,True,,False,False,62.618,60.92,88
SMCI,2026-05-06,14.98,64.8,strong,CLASS_A,loss,-0.03207701982712023,571,True,575,True,False,32.5,31.26,91
CYRX,2026-05-05,15.57,100.0,strong,CLASS_A,win,0.1313,580,True,,False,False,11.89,10.99,89
EVER,2026-05-05,19.99,100.0,strong,CLASS_A,loss,-0.0055000000000000005,571,True,,False,False,19.15,18.15,91
FTRE,2026-05-05,18.37,84.0,strong,CLASS_A,win,0.006980041443996049,571,True,,False,False,14.3119,13.96,91
IART,2026-05-05,18.31,100.0,strong,CLASS_A,win,0.09300000000000001,583,True,,False,False,12.99,12.165,91
STRL,2026-05-05,29.37,96.0,strong,CLASS_A,win,0.10289999999999999,571,True,,False,False,739.1199,704.1027,91
AXTI,2026-05-01,16.76,84.0,strong,CLASS_A,win,0.3482,571,True,,False,False,86.695,78.05,91
TEAM,2026-05-01,26.11,100.0,strong,CLASS_A,loss,-0.013789874777725107,571,True,621,False,False,85.13,82.79,91
TWLO,2026-05-01,19.88,100.0,strong,CLASS_C,win,0.11109999999999999,,False,571,False,False,179.475,177.28,91
BAND,2026-04-30,18.34,84.0,strong,CLASS_A,win,0.33799999999999997,571,True,,False,False,33.095,30.875,91
FTAI,2026-04-30,15.13,84.0,strong,CLASS_A,win,0.1535,571,True,,False,False,237.36,226.99,91
GKOS,2026-04-30,20.85,96.0,game_changer,CLASS_C,loss,0.021400000000000002,572,False,573,False,False,143.97,140.275,88
PI,2026-04-30,27.53,100.0,strong,CLASS_C,win,0.09140000000000001,571,False,572,False,False,163.05,154.99,89
TTMI,2026-04-30,16.0,100.0,strong,CLASS_C,win,0.0528,,False,571,False,False,180,170,91
VIAV,2026-04-30,20.92,100.0,strong,CLASS_C,win,0.08800000000000001,,False,573,False,False,60.43,55.72,91
BE,2026-04-29,19.13,100.0,strong,CLASS_C,win,0.052199999999999996,,False,579,False,False,290.5,276.55,91
KALV,2026-04-29,38.25,96.0,strong,CLASS_A,loss,0.0066,571,True,606,True,False,26.71,26.69,91
NXPI,2026-04-29,18.28,100.0,strong,CLASS_A,win,0.0507,571,True,,False,False,283.45,278.07,91
RSI,2026-04-29,18.67,84.0,strong,CLASS_C,loss,0.045,,False,571,False,False,29,28.63,91
STX,2026-04-29,17.46,84.0,strong,CLASS_C,win,0.23120000000000002,571,False,613,False,False,693,662,91
CVLT,2026-04-28,9.81,74.9,strong,CLASS_C,loss,0.0499,,False,571,False,False,99.23,96.36,89
KFRC,2026-04-28,28.07,96.0,strong,CLASS_A,loss,0.0355,571,True,573,True,False,40.22,39.445,91
OMCL,2026-04-28,22.24,96.0,strong,AMBIGUOUS_CHOP,loss,-0.0758167391304349,573,False,571,True,False,45.95,45,90
CRML,2026-04-27,10.34,72.0,game_changer,AMBIGUOUS_CHOP,loss,-0.0339,573,False,571,True,False,12.8,12.2,91
ORKA,2026-04-27,48.04,100.0,strong,CLASS_C,win,0.11230000000000001,,False,571,False,False,91,87.6901,91
CHE,2026-04-24,17.94,100.0,strong,CLASS_A,pending,,576,True,590,False,False,444.595,438.84,75
INTC,2026-04-24,27.88,100.0,strong,CLASS_C,loss,-0.02396700230272793,571,False,587,False,False,84,82.022,91
WKC,2026-04-24,15.78,84.0,strong,CLASS_C,pending,,,False,571,False,False,29.8,27.1001,87
GSHD,2026-04-23,17.78,100.0,strong,CLASS_C,pending,,571,False,573,False,False,54.34,52.545,81
URI,2026-04-23,17.4,84.0,strong,CLASS_B,pending,,604,True,573,True,False,960,935.93,90
WST,2026-04-23,15.29,84.0,strong,CLASS_A,pending,,571,True,,False,False,315,307.5,90
HCSG,2026-04-22,22.79,96.0,strong,CLASS_B,pending,,615,True,571,True,False,24,23.6,90
INBX,2026-04-22,31.55,96.0,strong,CLASS_C,pending,,,False,571,False,False,155.29,146.6833,86
KYTX,2026-04-22,21.11,100.0,strong,CLASS_C,pending,,,False,572,False,False,11.1405,10.45,91
NMAX,2026-04-22,28.35,93.6,routine,CLASS_A,pending,,583,True,572,True,False,7.51,7.44,91
CADL,2026-04-20,17.03,100.0,strong,CLASS_A,pending,,571,True,,False,False,6.55,6.382,91
CMPS,2026-04-20,22.37,100.0,strong,AMBIGUOUS_CHOP,pending,,571,False,,False,False,9.4893,8.63,91
GHRS,2026-04-20,18.65,100.0,strong,CLASS_A,pending,,572,True,571,True,False,21.5,21.25,85
NKTR,2026-04-20,24.46,100.0,strong,CLASS_A,pending,,574,True,,False,False,99.89,95.4,91
USAX,2026-04-20,19.62,74.9,routine,CLASS_A,win,0.1597081475476286,571,True,,False,False,26.31,24.67,88
USGG,2026-04-20,19.09,79.2,routine,CLASS_A,pending,,571,True,,False,False,16,15.09,90
KURA,2026-04-17,15.75,100.0,strong,CLASS_A,win,0.0010449320794148156,573,True,,False,False,9.58,9.49,91
AEHR,2026-04-16,18.59,100.0,strong,CLASS_B,pending,,585,True,571,True,False,87.5,84.54,91
TVTX,2026-04-14,34.66,100.0,game_changer,AMBIGUOUS_CHOP,pending,,571,False,600,True,False,41.53,40.25,91
TH,2026-04-01,33.08,96.0,strong,CLASS_C,pending,,,False,582,False,False,13.29,12.41,91
EEIQ,2026-03-30,54.15,96.0,strong,AMBIGUOUS_CHOP,pending,,571,False,572,True,False,11,10.5,91
KOD,2026-03-26,56.26,96.0,strong,CLASS_A,pending,,580,True,574,True,False,36.84,35.2,91
ANNA,2026-03-24,43.96,96.0,strong,CLASS_A,win,0.19971056439942098,571,True,,False,False,7.09,6.85,91
KPTI,2026-03-24,28.68,96.0,strong,CLASS_C,loss,-0.07551867219917013,571,False,587,False,False,6.0899,5.975,91
ARMG,2026-03-20,10.857908847184982,80.0,unknown,CLASS_C,win,0.07980652962515117,,False,582,False,False,8.595,8.26,91
ARTL,2026-03-20,20.25,96.0,strong,CLASS_A,win,0.25476190476190463,575,True,572,True,False,8.47,8.25,91
FLY,2026-03-20,11.280487804878048,80.0,unknown,CLASS_C,loss,-0.07221135029354217,,False,578,False,False,27.17,25.51,91
PL,2026-03-20,28.38,96.0,strong,CLASS_A,loss,-0.08017883755588667,571,True,,False,False,33.89,32.2606,91
SCHL,2026-03-20,10.280373831775687,80.0,unknown,CLASS_A,loss,0.025953389830508582,571,True,,False,False,38.09,37.2501,88
SMCZ,2026-03-20,52.65278181477386,80.0,unknown,AMBIGUOUS_CHOP,loss,-0.1049025714031498,571,False,582,True,False,56.85,55.33,90
YSS,2026-03-20,12.500000000000005,80.0,unknown,CLASS_B,win,0.08898944193061838,604,True,571,True,False,20.12,19.8,91
TWO,2026-03-19,10.493179433368311,80.0,unknown,CLASS_A,win,0.08262108262108273,571,True,573,True,False,10.645,10.53,91
BATL,2026-03-18,14.563106796116507,80.0,unknown,CLASS_A,loss,-0.5970724191063174,575,True,571,True,False,13.31,12.69,91
KC,2026-03-18,15.701219512195127,80.0,unknown,CLASS_C,loss,-0.025032938076416274,,False,573,False,False,15.41,15.12,91
PDYN,2026-03-18,13.88478581979321,80.0,unknown,CLASS_C,loss,-0.16861219195849544,,False,571,False,False,7.89,7.5501,91
CTRN,2026-03-17,22.345483359746428,80.0,unknown,CLASS_C,loss,-0.17413027387120644,,False,571,False,False,56.78,54.04,65
OKLL,2026-03-17,17.78265642151483,80.0,unknown,CLASS_C,loss,-0.2898415657036347,,False,571,False,False,11,10.58,91
